name|sid|call|icon|city|state|tagline
National Public Radio|1|None|None|Washington|DC|Brings you there
KALW-FM|2|KALW|http://media.npr.org/images/stations/logos/kalw_fm.gif|San Francisco|CA|Your Local Public Radio Station
KAMU-FM|3|KAMU|http://media.npr.org/images/stations/logos/kamu_fm.gif|College Station|TX|The Quality Choice
KANU-FM|5|KANU|http://media.npr.org/images/stations/logos/kanu_fm.gif|Lawrence|KS|Your place to find NPR News.
KANH-FM|6|KANH|http://media.npr.org/images/stations/logos/kanh_fm.gif|Emporia|KS|Your Place to Find NPR News
KANW-FM|7|KANW|http://media.npr.org/images/stations/logos/kanw_fm.gif|Albuquerque|NM|New Mexico Public Radio
KANZ-FM|9|KANZ|http://media.npr.org/images/stations/logos/kanz_fm.gif|Garden City|KS|High Plains Public Radio is in touch with the world...at home on the high plains.
KZNA-FM|10|KZNA|http://media.npr.org/images/stations/logos/kzna_fm.gif|Hill City|KS|High Plains Public Radio
KASU-FM|11|KASU|http://media.npr.org/images/stations/logos/kasu_fm.gif|Jonesboro|AR|Unique and Enriching Public Radio
KAWC-AM|12|KAWC|http://media.npr.org/images/stations/logos/kawc_am.gif|Yuma|AZ|Colorado River Public Media
KAWC-FM|13|KAWC|http://media.npr.org/images/stations/logos/kawc_fm.gif|Yuma|AZ|Colorado River Public Media
KAXE-FM|14|KAXE|http://media.npr.org/images/stations/logos/kaxe_fm.gif|Grand Rapids|MN|Authentic Local Radio
KAZU-FM|15|KAZU|http://media.npr.org/images/stations/logos/kazu_fm.gif|Seaside|CA|NPR for the Monterey Bay Area
KBAQ-FM|16|KBAQ|http://media.npr.org/images/stations/logos/kbaq_fm.gif|Phoenix|AZ|Your Classical Companion
KBIA-FM|17|KBIA|http://media.npr.org/images/stations/logos/kbia_fm.gif|Columbia|MO|Your NPR Station
KBSU-FM|21|KBSU|http://media.npr.org/images/stations/logos/kbsu_fm.gif|Boise|ID|Enriching Your Life
KBSM-FM|22|KBSM|http://media.npr.org/images/stations/logos/kbsm_fm.gif|McCall|ID|Enriching Your Life
KBSW-FM|25|KBSW|http://media.npr.org/images/stations/logos/kbsw_fm.gif|Twin Falls|ID|Enriching Your Life
KBSX-FM|26|KBSX|http://media.npr.org/images/stations/logos/kbsx_fm.gif|Boise|ID|Enriching Your Life
KCBX-FM|27|KCBX|http://media.npr.org/images/stations/logos/kcbx_fm.gif|San Luis Obispo|CA|Listener Supported in San Luis Obispo, Santa Barbara and Monterey Counties
KCFR-FM|33|KCFR|http://media.npr.org/images/stations/logos/kcfr_fm.gif|Denver|CO|In-depth news from Colorado, the nation and around the world
KCFC-AM|34|KCFC|http://media.npr.org/images/stations/logos/kcfc_am.gif|Boulder|CO|Colorado Public Radio
KCFP-FM|35|KCFP|http://media.npr.org/images/stations/logos/kcfp_fm.gif|Pueblo|CO|Colorado Public Radio
KKPC-AM|36|KKPC|http://media.npr.org/images/stations/logos/kkpc_am.gif|Pueblo|CO|Colorado Public Radio
KPRE-FM|37|KPRE|http://media.npr.org/images/stations/logos/kpre_fm.gif|Vail|CO|Colorado Public Radio
KPRH-FM|38|KPRH|http://media.npr.org/images/stations/logos/kprh_fm.gif|Montrose|CO|Colorado Public Radio
KPRN-FM|39|KPRN|http://media.npr.org/images/stations/logos/kprn_fm.gif|Grand Junction|CO|Colorado Public Radio
KPRU-FM|40|KPRU|http://media.npr.org/images/stations/logos/kpru_fm.gif|Delta|CO|Colorado Public Radio
KVOD-FM|41|KVOD|http://media.npr.org/images/stations/logos/kvod_fm.gif|Lakewood|CO|Colorado's classical music
KCHO-FM|43|KCHO|http://media.npr.org/images/stations/logos/kcho_fm.gif|Chico|CA|Northstate Public Radio
KFPR-FM|44|KFPR|http://media.npr.org/images/stations/logos/kfpr_fm.gif|Redding|CA|Northstate Public Radio
KCLU-FM|45|KCLU|http://media.npr.org/images/stations/logos/kclu_fm.gif|Thousand Oaks|CA|NPR and Local News
KCND-FM|47|KCND|http://media.npr.org/images/stations/logos/kcnd_fm.gif|Bismarck|ND|Prairie Public
KDPR-FM|48|KDPR|http://media.npr.org/images/stations/logos/kdpr_fm.gif|Dickinson|ND|Prairie Public
KDSU-FM|49|KDSU|http://media.npr.org/images/stations/logos/kdsu_fm.gif|Fargo|ND|Prairie Public
KMPR-FM|50|KMPR|http://media.npr.org/images/stations/logos/kmpr_fm.gif|Minot|ND|Prairie Public
KPPR-FM|51|KPPR|http://media.npr.org/images/stations/logos/kppr_fm.gif|Williston|ND|Prairie Public
KPRJ-FM|52|KPRJ|http://media.npr.org/images/stations/logos/kprj_fm.gif|Jamestown|ND|Prairie Public
KUND-FM|53|KUND|http://media.npr.org/images/stations/logos/kund_fm.gif|Grand Forks|ND|Prairie Public
KCPW-FM|54|KCPW|http://media.npr.org/images/stations/logos/kcpw_fm.gif|Salt Lake City|UT|NPR Utah
KCRW-FM|55|KCRW|http://media.npr.org/images/stations/logos/kcrw_fm.gif|Santa Monica|CA|NPR's flagship station for Southern California featuring an independent mix of eclectic music, news,1
KCRI-FM|56|KCRI|http://media.npr.org/images/stations/logos/kcri_fm.gif|Indio|CA|Alternative Music, NPR News
KCRU-FM|57|KCRU|http://media.npr.org/images/stations/logos/kcru_fm.gif|Oxnard|CA|Alternative Music, NPR News
KCSM-FM|59|KCSM|http://media.npr.org/images/stations/logos/kcsm_fm.gif|San Mateo|CA|The Bay Area's Jazz Station
KCUR-FM|60|KCUR|http://media.npr.org/images/stations/logos/kcur_fm.gif|Kansas City|MO|Kansas City Public Media
KDAQ-FM|62|KDAQ|http://media.npr.org/images/stations/logos/kdaq_fm.gif|Shreveport|LA|Your Public Radio Station
KBSA-FM|63|KBSA|http://media.npr.org/images/stations/logos/kbsa_fm.gif|El Dorado|AR|Your Public Radio Station
KLDN-FM|64|KLDN|http://media.npr.org/images/stations/logos/kldn_fm.gif|Lufkin|TX|Your Public Radio Station
KLSA-FM|65|KLSA|http://media.npr.org/images/stations/logos/klsa_fm.gif|Alexandria|LA|Your Public Radio Station
KEMC-FM|71|KEMC|http://media.npr.org/images/stations/logos/kemc_fm.gif|Billings|MT|Yellowstone Public Radio
KBMC-FM|72|KBMC|http://media.npr.org/images/stations/logos/kbmc_fm.gif|Bozeman|MT|Yellowstone Public Radio
KYPR-FM|73|KYPR|http://media.npr.org/images/stations/logos/kypr_fm.gif|Miles City|MT|Yellowstone Public Radio
KERA-FM|78|KERA|http://media.npr.org/images/stations/logos/kera_fm.gif|Dallas|TX|Your source for NPR News in North Texas
KEXP-FM|79|KEXP|http://media.npr.org/images/stations/logos/kexp_fm.gif|Seattle|WA|Where the Music Matters
KGOU-FM|81|KGOU|http://media.npr.org/images/stations/logos/kgou_fm.gif|Norman|OK|Your NPR Source
KROU-FM|82|KROU|http://media.npr.org/images/stations/logos/krou_fm.gif|Oklahoma City|OK|Your NPR Source
KHCC-FM|84|KHCC|http://media.npr.org/images/stations/logos/khcc_fm.gif|Hutchinson|KS|Listener-supported Public Radio
KHCD-FM|85|KHCD|http://media.npr.org/images/stations/logos/khcd_fm.gif|Salina|KS|Listener-supported Public Radio
KHCT-FM|86|KHCT|http://media.npr.org/images/stations/logos/khct_fm.gif|Great Bend|KS|Listener-supported Public Radio
KHPR-FM|88|KHPR|http://media.npr.org/images/stations/logos/khpr_fm.gif|Honolulu|HI|Radio with Vision...Listen, and See!
KANO-FM|89|KANO|http://media.npr.org/images/stations/logos/kano_fm.gif|Hilo|HI|Radio with Vision
KIPO-FM|90|KIPO|http://media.npr.org/images/stations/logos/kipo_fm.gif|Honolulu|HI|Radio with Vision
KKUA-FM|91|KKUA|http://media.npr.org/images/stations/logos/kkua_fm.gif|Wailuku|HI|Radio with Vision
KHSU-FM|92|KHSU|http://media.npr.org/images/stations/logos/khsu_fm.gif|Arcata|CA|Diverse Public Radio
KHSR-FM|93|KHSR|http://media.npr.org/images/stations/logos/khsr_fm.gif|Crescent City|CA|Diverse Public Radio
KIOS-FM|94|KIOS|http://media.npr.org/images/stations/logos/kios_fm.gif|Omaha|NE|Omaha Public Radio
KJZZ-FM|95|KJZZ|http://media.npr.org/images/stations/logos/kjzz_fm.gif|Phoenix|AZ|Your NPR News Station
KLCC-FM|96|KLCC|http://media.npr.org/images/stations/logos/klcc_fm.gif|Eugene|OR|A Service of Lane Community College
KLCO-FM|97|KLCO|http://media.npr.org/images/stations/logos/klco_fm.gif|Newport|OR|A Service of Lane Community College
KLFO-FM|98|KLFO|http://media.npr.org/images/stations/logos/klfo_fm.gif|Florence|OR|A Service of Lane Community College
KLFR-FM|99|KLFR|http://media.npr.org/images/stations/logos/klfr_fm.gif|Reedsport|OR|A Service of Lane Community College
KMUW-FM|103|KMUW|http://media.npr.org/images/stations/logos/kmuw_fm.gif|Wichita|KS|KMUW - Your Connection to the World
Arizona Public Radio|104|None|None|Flagstaff|None|Arizona Public Radio
KNAU-FM|105|KNAU|http://media.npr.org/images/stations/logos/knau_fm.gif|Flagstaff|AZ|Arizona Public Radio
KNAA-FM|106|KNAA|http://media.npr.org/images/stations/logos/knaa_fm.gif|Show Low|AZ|Arizona Public Radio
KNAD-FM|107|KNAD|http://media.npr.org/images/stations/logos/knad_fm.gif|Page|AZ|Arizona Public Radio
KNAG-FM|108|KNAG|http://media.npr.org/images/stations/logos/knag_fm.gif|Grand Canyon|AZ|Arizona Public Radio
KNAQ-FM|109|KNAQ|http://media.npr.org/images/stations/logos/knaq_fm.gif|Prescott|AZ|Arizona Public Radio
KPUB-FM|110|KPUB|http://media.npr.org/images/stations/logos/kpub_fm.gif|Flagstaff|AZ|Arizona Public Radio
Minnesota Public Radio|111|None|None|Saint Paul|None|Minnesota Public Radio
KNOW-FM|112|KNOW|http://media.npr.org/images/stations/logos/know_fm.gif|St. Paul|MN|Minnesota Public Radio News
KBPR-FM|113|KBPR|http://media.npr.org/images/stations/logos/kbpr_fm.gif|Brainerd|MN|Minnesota Public Radio
KCCD-FM|114|KCCD|http://media.npr.org/images/stations/logos/kccd_fm.gif|Moorhead|MN|Minnesota Public Radio
KLNI-FM|115|KLNI|http://media.npr.org/images/stations/logos/klni_fm.gif|Decorah|IA|Minnesota Public Radio
KNBJ-FM|116|KNBJ|http://media.npr.org/images/stations/logos/knbj_fm.gif|Bemidji|MN|Minnesota Public Radio
KNCM-FM|117|KNCM|http://media.npr.org/images/stations/logos/kncm_fm.gif|Appleton|MN|Minnesota Public Radio
KNGA-FM|118|KNGA|http://media.npr.org/images/stations/logos/knga_fm.gif|St. Peter|MN|Minnesota Public Radio
KNSR-FM|119|KNSR|http://media.npr.org/images/stations/logos/knsr_fm.gif|Collegeville-St. Cloud|MN|Minnesota Public Radio
KNSW-FM|120|KNSW|http://media.npr.org/images/stations/logos/knsw_fm.gif|Worthington-Marshall|MN|Minnesota Public Radio
KNTN-FM|121|KNTN|http://media.npr.org/images/stations/logos/kntn_fm.gif|Thief River Falls|MN|Minnesota Public Radio
KXLC-FM|122|KXLC|http://media.npr.org/images/stations/logos/kxlc_fm.gif|La Crescent|MN|Minnesota Public Radio
KZSE-FM|123|KZSE|http://media.npr.org/images/stations/logos/kzse_fm.gif|Rochester|MN|Minnesota Public Radio
WGGL-FM|124|WGGL|http://media.npr.org/images/stations/logos/wggl_fm.gif|Houghton|MI|Minnesota Public Radio
WIRN-FM|125|WIRN|http://media.npr.org/images/stations/logos/wirn_fm.gif|Buhl|MN|Minnesota Public Radio
WSCN-FM|126|WSCN|http://media.npr.org/images/stations/logos/wscn_fm.gif|Cloquet|MN|Minnesota Public Radio
KNPR-FM|128|KNPR|http://media.npr.org/images/stations/logos/knpr_fm.gif|Las Vegas|NV|News 88.9 KNPR
KLNR-FM|129|KLNR|http://media.npr.org/images/stations/logos/klnr_fm.gif|Panaca|NV|Nevada Public Radio
KTPH-FM|130|KTPH|http://media.npr.org/images/stations/logos/ktph_fm.gif|Tonopah|NV|Nevada Public Radio
KWPR-FM|131|KWPR|http://media.npr.org/images/stations/logos/kwpr_fm.gif|Lund|NV|Nevada Public Radio
KOAC-AM|132|KOAC|http://media.npr.org/images/stations/logos/koac_am.gif|Corvallis|OR|Oregon Public Broadcasting
KOHM-FM|133|KOHM|http://media.npr.org/images/stations/logos/kohm_fm.gif|Lubbock|TX|Listener Supported Public Radio for the South Plains
Oregon Public Broadcasting|134|None|None|Portland|None|None
KOPB-FM|135|KOPB|http://media.npr.org/images/stations/logos/kopb_fm.gif|Portland|OR|Oregon Public Broadcasting
KOAB-FM|136|KOAB|http://media.npr.org/images/stations/logos/koab_fm.gif|Bend|OR|Oregon Public Broadcasting
KRBM-FM|137|KRBM|http://media.npr.org/images/stations/logos/krbm_fm.gif|Pendleton|OR|Oregon Public Broadcasting
KOSU-FM|138|KOSU|http://media.npr.org/images/stations/logos/kosu_fm.gif|Stillwater|OK|The State's Public Radio
KPBS-FM|139|KPBS|http://media.npr.org/images/stations/logos/kpbs_fm.gif|San Diego|CA|Where News Matters
KPBX-FM|141|KPBX|http://media.npr.org/images/stations/logos/kpbx_fm.gif|Spokane|WA|Music, News, and Arts for the Inland Northwest
KSFC-FM|143|KSFC|http://media.npr.org/images/stations/logos/ksfc_fm.gif|Spokane|WA|News and Information for the Inland Northwest
Southern California Public Radio|144|None|None|Pasadena|None|Southern California Public Radio
KPCC-FM|145|KPCC|http://media.npr.org/images/stations/logos/kpcc_fm.gif|Pasadena|CA|Southern California Public Radio
KPCW-FM|146|KPCW|http://media.npr.org/images/stations/logos/kpcw_fm.gif|Park City|UT|Your Community Voice
KPLU-FM|148|KPLU|http://media.npr.org/images/stations/logos/kplu_fm.gif|Tacoma|WA|NPR News and All That Jazz
KQED-FM|151|KQED|http://media.npr.org/images/stations/logos/kqed_fm.gif|San Francisco|CA|KQED Public Radio for Northern California
KRCC-FM|154|KRCC|http://media.npr.org/images/stations/logos/krcc_fm.gif|Colorado Springs|CO|Public Radio for Southern Colorado and a wee bit of Northern New Mexico
KRCU-FM|155|KRCU|http://media.npr.org/images/stations/logos/krcu_fm.gif|Cape Girardeau|MO|KRCU at Southeast Missouri State University
Northwest Public Radio|156|None|None|Moscow|None|Northwest Public Radio, NPR and Classical Music
KRFA-FM|157|KRFA|http://media.npr.org/images/stations/logos/krfa_fm.gif|Moscow|ID|Northwest Public Radio, NPR and Classical Music
KFAE-FM|158|KFAE|http://media.npr.org/images/stations/logos/kfae_fm.gif|Richland|WA|Northwest Public Radio, NPR and Classical Music
KNWO-FM|159|KNWO|http://media.npr.org/images/stations/logos/knwo_fm.gif|Cottonwood|ID|Northwest Public Radio, NPR and Classical Music
KNWP-FM|160|KNWP|http://media.npr.org/images/stations/logos/knwp_fm.gif|Port Angeles|WA|Northwest Public Radio, NPR and Classical Music
KNWR-FM|161|KNWR|http://media.npr.org/images/stations/logos/knwr_fm.gif|Ellensburg|WA|Northwest Public Radio, NPR and Classical Music
KNWV-FM|162|KNWV|http://media.npr.org/images/stations/logos/knwv_fm.gif|Clarkston|WA|Northwest Public Radio, NPR and Classical Music
KNWY-FM|163|KNWY|http://media.npr.org/images/stations/logos/knwy_fm.gif|Yakima|WA|Northwest Public Radio, NPR and Classical Music
KZAZ-FM|164|KZAZ|http://media.npr.org/images/stations/logos/kzaz_fm.gif|Bellingham|WA|Northwest Public Radio, NPR and Classical Music
KRVS-FM|166|KRVS|http://media.npr.org/images/stations/logos/krvs_fm.gif|Lafayette|LA|Radio Acadie
KRWG-FM|167|KRWG|http://media.npr.org/images/stations/logos/krwg_fm.gif|Las Cruces|NM|Your New Mexico National Public Radio Station
KSKA-FM|169|KSKA|http://media.npr.org/images/stations/logos/kska_fm.gif|Anchorage|AK|Your Choice for NPR News and Information
KSMU-FM|170|KSMU|http://media.npr.org/images/stations/logos/ksmu_fm.gif|Springfield|MO|On the Web, On the Air, and Where You Live
KSMS-FM|171|KSMS|http://media.npr.org/images/stations/logos/ksms_fm.gif|Branson|MO|On the Web, On the Air, and Where You Live
Jefferson Public Radio|172|None|None|Ashland|None|Jefferson Public Radio
KSOR-FM|173|KSOR|http://media.npr.org/images/stations/logos/ksor_fm.gif|Ashland|OR|Classics & News Service of Jefferson Public Radio
KAGI-AM|174|KAGI|http://media.npr.org/images/stations/logos/kagi_am.gif|Ashland|OR|News & Information Service of Jefferson Public Radio
KNCA-FM|175|KNCA|http://media.npr.org/images/stations/logos/knca_fm.gif|Burney|CA|Rhythm & News Service of Jefferson Public Radio
KNSQ-FM|176|KNSQ|http://media.npr.org/images/stations/logos/knsq_fm.gif|Mt. Shasta|CA|Rhythm & News Service of Jefferson Public Radio
KNYR-FM|177|KNYR|http://media.npr.org/images/stations/logos/knyr_fm.gif|Yreka|CA|Classics & News Service of Jefferson Public Radio
KSBA-FM|178|KSBA|http://media.npr.org/images/stations/logos/ksba_fm.gif|Coos Bay|OR|Rhythm & News Service of Jefferson Public Radio
KSJK-AM|179|KSJK|http://media.npr.org/images/stations/logos/ksjk_am.gif|Talent|OR|News & Information Service of Jefferson Public Radio
KSKF-FM|180|KSKF|http://media.npr.org/images/stations/logos/kskf_fm.gif|Klamath Falls|OR|Rhythm & News Service of Jefferson Public Radio
KSMF-FM|181|KSMF|http://media.npr.org/images/stations/logos/ksmf_fm.gif|Ashland|OR|Rhythm & News Service of Jefferson Public Radio
KSRG-FM|182|KSRG|http://media.npr.org/images/stations/logos/ksrg_fm.gif|Ashland|OR|Classics & News Service of Jefferson Public Radio
KSRS-FM|183|KSRS|http://media.npr.org/images/stations/logos/ksrs_fm.gif|Roseburg|OR|Classics & News Service of Jefferson Public Radio
KOOZ-FM|184|KOOZ|http://media.npr.org/images/stations/logos/kooz_fm.gif|Myrtle Point|OR|Classics & News Service of Jefferson Public Radio
KNHT-FM|185|KNHT|http://media.npr.org/images/stations/logos/knht_fm.gif|Rio Dell|CA|Classics & News Service of Jefferson Public Radio
KTBR-AM|186|KTBR|http://media.npr.org/images/stations/logos/ktbr_am.gif|Roseburg|OR|News & Information Service of Jefferson Public Radio
KRVM-AM|187|KRVM|http://media.npr.org/images/stations/logos/krvm_am.gif|Eugene|OR|News & Information Service of Jefferson Public Radio
Texas Public Radio|188|None|None|San Antonio|None|Texas Public Radio
KSTX-FM|189|KSTX|http://media.npr.org/images/stations/logos/kstx_fm.gif|San Antonio|TX|News & Views
KTXI-FM|190|KTXI|http://media.npr.org/images/stations/logos/ktxi_fm.gif|Ingram|TX|Words & Music
KSUT-FM|192|KSUT|http://media.npr.org/images/stations/logos/ksut_fm.gif|Ignacio|CO|Four Corners Public Radio
KTOO-FM|195|KTOO|http://media.npr.org/images/stations/logos/ktoo_fm.gif|Juneau|AK|Juneau's 24 hour news station
KUAC-FM|196|KUAC|http://media.npr.org/images/stations/logos/kuac_fm.gif|Fairbanks|AK|Public Radio for Alaska's Interior
KUAF-FM|197|KUAF|http://media.npr.org/images/stations/logos/kuaf_fm.gif|Fayetteville|AR|KUAF - Your indispensable connection to the World
KUAR-FM|199|KUAR|http://media.npr.org/images/stations/logos/kuar_fm.gif|Little Rock|AR|FM 89 Rhythm and News
KLRE-FM|200|KLRE|http://media.npr.org/images/stations/logos/klre_fm.gif|Little Rock|AR|Classical 90.5
KUAZ-FM|201|KUAZ|http://media.npr.org/images/stations/logos/kuaz_fm.gif|Tucson|AZ|Your Source for NPR News and Genuine Jazz
KUAZ-AM|202|KUAZ|http://media.npr.org/images/stations/logos/kuaz_am.gif|Tucson|AZ|Your Source for NPR News and Genuine Jazz
KUCV-FM|204|KUCV|http://media.npr.org/images/stations/logos/kucv_fm.gif|Lincoln|NE|Nebraska's NPR Station
KCNE-FM|205|KCNE|http://media.npr.org/images/stations/logos/kcne_fm.gif|Chadron|NE|Nebraska Public Radio
KHNE-FM|206|KHNE|http://media.npr.org/images/stations/logos/khne_fm.gif|Hastings|NE|Nebraska Public Radio
KLNE-FM|207|KLNE|http://media.npr.org/images/stations/logos/klne_fm.gif|Lexington|NE|Nebraska Public Radio
KMNE-FM|208|KMNE|http://media.npr.org/images/stations/logos/kmne_fm.gif|Bassett|NE|Nebraska Public Radio
KPNE-FM|209|KPNE|http://media.npr.org/images/stations/logos/kpne_fm.gif|North Platte|NE|Nebraska Public Radio
KRNE-FM|210|KRNE|http://media.npr.org/images/stations/logos/krne_fm.gif|Merriman|NE|Nebraska Public Radio
KTNE-FM|211|KTNE|http://media.npr.org/images/stations/logos/ktne_fm.gif|Alliance|NE|Nebraska Public Radio
KXNE-FM|212|KXNE|http://media.npr.org/images/stations/logos/kxne_fm.gif|Norfolk|NE|Nebraska Public Radio
KUER-FM|213|KUER|http://media.npr.org/images/stations/logos/kuer_fm.gif|Salt Lake City|UT|NPR, BBC, local news and jazz music broadcasting to the Intermountain West
Montana Public Radio|214|None|None|Missoula|None|None
KUFM-FM|215|KUFM|http://media.npr.org/images/stations/logos/kufm_fm.gif|Missoula|MT|Montana Public Radio
KAPC-FM|216|KAPC|http://media.npr.org/images/stations/logos/kapc_fm.gif|Butte|MT|Makes Montana Sound as Good as it Looks!
KUFN-FM|217|KUFN|http://media.npr.org/images/stations/logos/kufn_fm.gif|Hamilton|MT|Makes Montana Sound as Good as it Looks!
KUHM-FM|218|KUHM|http://media.npr.org/images/stations/logos/kuhm_fm.gif|Helena|MT|Makes Montana Sound as Good as it Looks!
KUKL-FM|219|KUKL|http://media.npr.org/images/stations/logos/kukl_fm.gif|Kalispell|MT|Makes Montana Sound as Good as it Looks!
KUHF-FM|220|KUHF|http://media.npr.org/images/stations/logos/kuhf_fm.gif|Houston|TX|Houston Public Radio - KUHF News 88.7 and Classical 91.7
KMST-FM|222|KMST|http://media.npr.org/images/stations/logos/kmst_fm.gif|Rolla|MO|None
KUNC-FM|223|KUNC|http://media.npr.org/images/stations/logos/kunc_fm.gif|Greeley|CO|Community Radio for Northern Colorado
KRNI-AM|225|KRNI|http://media.npr.org/images/stations/logos/krni_am.gif|Mason City|IA|IPR enhances civic and cultural connections across the state, strengthening communities and reflecti15
KUNY-FM|226|KUNY|http://media.npr.org/images/stations/logos/kuny_fm.gif|Iowa City|IA|IPR enhances civic and cultural connections across the state, strengthening communities and reflecti15
KUNM-FM|227|KUNM|http://media.npr.org/images/stations/logos/kunm_fm.gif|Albuquerque|NM|New Mexico's Community Powered Public Radio KUNM 89.9
KUNR-FM|228|KUNR|http://media.npr.org/images/stations/logos/kunr_fm.gif|Reno|NV|NPR and more for Northern Nevada and Northeastern California
KUNV-FM|230|KUNV|http://media.npr.org/images/stations/logos/kunv_fm.gif|Las Vegas|NV|Your Jazz Spot in Las Vegas
KUOW-FM|232|KUOW|http://media.npr.org/images/stations/logos/kuow_fm.gif|Seattle|WA|NPR News and Information for the Puget Sound Region
KUSC-FM|233|KUSC|http://media.npr.org/images/stations/logos/kusc_fm.gif|Los Angeles|CA|Classical KUSC
KPSC-FM|236|KPSC|http://media.npr.org/images/stations/logos/kpsc_fm.gif|Palm Springs|CA|Classical KUSC
KUSD-FM|238|KUSD|http://media.npr.org/images/stations/logos/kusd_fm.gif|Vermillion|SD|SDPB Radio
KBHE-FM|239|KBHE|http://media.npr.org/images/stations/logos/kbhe_fm.gif|Rapid City|SD|Enriching Your Life
KCSD-FM|240|KCSD|http://media.npr.org/images/stations/logos/kcsd_fm.gif|Sioux Falls|SD|Enriching Your Life
KDSD-FM|241|KDSD|http://media.npr.org/images/stations/logos/kdsd_fm.gif|Pierpont|SD|Enriching Your Life
KESD-FM|242|KESD|http://media.npr.org/images/stations/logos/kesd_fm.gif|Brookings|SD|Enriching Your Life
KPSD-FM|243|KPSD|http://media.npr.org/images/stations/logos/kpsd_fm.gif|Faith|SD|Enriching Your Life
KQSD-FM|244|KQSD|http://media.npr.org/images/stations/logos/kqsd_fm.gif|Lowry|SD|Enriching Your Life
KTSD-FM|245|KTSD|http://media.npr.org/images/stations/logos/ktsd_fm.gif|Reliance|SD|Enriching Your Life
KZSD-FM|246|KZSD|http://media.npr.org/images/stations/logos/kzsd_fm.gif|Martin|SD|Enriching Your Life
KUSP-FM|247|KUSP|http://media.npr.org/images/stations/logos/kusp_fm.gif|Santa Cruz|CA|Central Coast Public Radio
KUSU-FM|250|KUSU|http://media.npr.org/images/stations/logos/kusu_fm.gif|Logan|UT|Utah Public Radio
KUSR-FM|251|KUSR|http://media.npr.org/images/stations/logos/kusr_fm.gif|Logan|UT|Utah Public Radio
KUT-FM|252|KUT|http://media.npr.org/images/stations/logos/kut_fm.gif|Austin|TX|Experience Austin Texas
KUVO-FM|254|KUVO|http://media.npr.org/images/stations/logos/kuvo_fm.gif|Denver|CO|Denver's Jazz Oasis in the City
KUWR-FM|256|KUWR|http://media.npr.org/images/stations/logos/kuwr_fm.gif|Laramie|WY|Wyoming Public Radio
KBUW-FM|257|KBUW|http://media.npr.org/images/stations/logos/kbuw_fm.gif|Buffalo|WY|Wyoming Public Radio
KDUW-FM|258|KDUW|http://media.npr.org/images/stations/logos/kduw_fm.gif|Douglas|WY|Wyoming Public Radio
KSUW-FM|259|KSUW|http://media.npr.org/images/stations/logos/ksuw_fm.gif|Sheridan|WY|Wyoming Public Radio
KUWA-FM|260|KUWA|http://media.npr.org/images/stations/logos/kuwa_fm.gif|Afton|WY|Wyoming Public Radio
KUWC-FM|261|KUWC|http://media.npr.org/images/stations/logos/kuwc_fm.gif|Casper|WY|Wyoming Public Radio
KUWD-FM|262|KUWD|http://media.npr.org/images/stations/logos/kuwd_fm.gif|Sundance|WY|Wyoming Public Radio
KUWG-FM|263|KUWG|http://media.npr.org/images/stations/logos/kuwg_fm.gif|Gillette|WY|Wyoming Public Radio
KUWJ-FM|264|KUWJ|http://media.npr.org/images/stations/logos/kuwj_fm.gif|Jackson|WY|Wyoming Public Radio
KUWN-FM|265|KUWN|http://media.npr.org/images/stations/logos/kuwn_fm.gif|Newcastle|WY|Wyoming Public Radio
KUWP-FM|266|KUWP|http://media.npr.org/images/stations/logos/kuwp_fm.gif|Powell|WY|Wyoming Public Radio
KUWT-FM|267|KUWT|http://media.npr.org/images/stations/logos/kuwt_fm.gif|Thermopolis|WY|Wyoming Public Radio
KUWX-FM|268|KUWX|http://media.npr.org/images/stations/logos/kuwx_fm.gif|Pinedale|WY|Wyoming Public Radio
KUWZ-FM|269|KUWZ|http://media.npr.org/images/stations/logos/kuwz_fm.gif|Rock Springs|WY|Wyoming Public Radio
KVCR-FM|270|KVCR|http://media.npr.org/images/stations/logos/kvcr_fm.gif|San Bernardino|CA|Learn something new every day
KVLU-FM|271|KVLU|http://media.npr.org/images/stations/logos/kvlu_fm.gif|Beaumont|TX|Member Supported Public Radio
KVPR-FM|273|KVPR|http://media.npr.org/images/stations/logos/kvpr_fm.gif|Fresno|CA|NPR News and Cultural Arts for Central California
KPRX-FM|274|KPRX|http://media.npr.org/images/stations/logos/kprx_fm.gif|Bakersfield|CA|NPR News and Cultural Arts for Central California
KWBU-FM|275|KWBU|http://media.npr.org/images/stations/logos/kwbu_fm.gif|Waco|TX|Waco's NPR
KWGS-FM|276|KWGS|http://media.npr.org/images/stations/logos/kwgs_fm.gif|Tulsa|OK|Public Radio 89.5 from The University of Tulsa
KWIT-FM|277|KWIT|http://media.npr.org/images/stations/logos/kwit_fm.gif|Sioux City|IA|The Intelligent Alternative
KWMU-FM|278|KWMU|http://media.npr.org/images/stations/logos/kwmu_fm.gif|St. Louis|MO|Award-winning in-depth news, insightful discussion, and entertaining programs
KWSU-AM|279|KWSU|http://media.npr.org/images/stations/logos/kwsu_am.gif|Pullman|WA|Northwest Public Radio, Your NPR News Station
KLWS-FM|280|KLWS|http://media.npr.org/images/stations/logos/klws_fm.gif|Moses Lake|WA|Northwest Public Radio, Your NPR News Station
KQWS-FM|281|KQWS|http://media.npr.org/images/stations/logos/kqws_fm.gif|Omak|WA|Northwest Public Radio, Your NPR News Station
KWWS-FM|282|KWWS|http://media.npr.org/images/stations/logos/kwws_fm.gif|Walla Walla|WA|Northwest Public Radio, Your NPR News Station
KXCV-FM|283|KXCV|http://media.npr.org/images/stations/logos/kxcv_fm.gif|Maryville|MO|Public Radio from Northwest Missouri State University
KRNW-FM|284|KRNW|http://media.npr.org/images/stations/logos/krnw_fm.gif|Chillicothe|MO|Public Radio from Northwest Missouri State University
KXJZ-FM|286|KXJZ|http://media.npr.org/images/stations/logos/kxjz_fm.gif|Sacramento|CA|Your Choice for NPR News and Jazz
KKTO-FM|287|KKTO|http://media.npr.org/images/stations/logos/kkto_fm.gif|Tahoe City|CA|Your Choice for NPR News and Jazz
KXPR-FM|288|KXPR|http://media.npr.org/images/stations/logos/kxpr_fm.gif|Sacramento|CA|The Classical Station
KUOP-FM|289|KUOP|http://media.npr.org/images/stations/logos/kuop_fm.gif|Stockton|CA|Your Choice for NPR News and Jazz
KXSR-FM|290|KXSR|http://media.npr.org/images/stations/logos/kxsr_fm.gif|Groveland|CA|The Classical Station
KZYX-FM|292|KZYX|http://media.npr.org/images/stations/logos/kzyx_fm.gif|Philo|CA|Listener-Supported Community Radio for Mendocino County
KZYZ-FM|293|KZYZ|http://media.npr.org/images/stations/logos/kzyz_fm.gif|Willits|CA|Listener-Supported Community Radio
WABE-FM|295|WABE|http://media.npr.org/images/stations/logos/wabe_fm.gif|Atlanta|GA|The Classics & NPR News
WAER-FM|296|WAER|http://media.npr.org/images/stations/logos/waer_fm.gif|Syracuse|NY|Music, News & NPR from Central New York at 88.3, WAER
Northeast Public Radio|297|None|None|Albany|None|WAMC/Northeast Public Radio
WAMC-FM|298|WAMC|http://media.npr.org/images/stations/logos/wamc_fm.gif|Albany|NY|WAMC/Northeast Public Radio
WAMK-FM|299|WAMK|http://media.npr.org/images/stations/logos/wamk_fm.gif|Kingstown|NY|WAMC/Northeast Public Radio
WAMQ-FM|300|WAMQ|http://media.npr.org/images/stations/logos/wamq_fm.gif|Great Barrington|MA|WAMC/Northeast Public Radio
WANC-FM|301|WANC|http://media.npr.org/images/stations/logos/wanc_fm.gif|Ticonderoga|NY|WAMC/Northeast Public Radio
WCAN-FM|302|WCAN|http://media.npr.org/images/stations/logos/wcan_fm.gif|Canajoharie|NY|WAMC/Northeast Public Radio
WCEL-FM|303|WCEL|http://media.npr.org/images/stations/logos/wcel_fm.gif|Plattsburgh|NY|WAMC/Northeast Public Radio
WOSR-FM|304|WOSR|http://media.npr.org/images/stations/logos/wosr_fm.gif|Middletown|NY|WAMC/Northeast Public Radio
WAMU-FM|305|WAMU|http://media.npr.org/images/stations/logos/wamu_fm.gif|Washington|DC|The Mind Is Our Medium
WBAA-FM|306|WBAA|http://media.npr.org/images/stations/logos/wbaa_fm.gif|West Lafayette|IN|Listener Supported Public Radio from Purdue
WBAA-AM|307|WBAA|http://media.npr.org/images/stations/logos/wbaa_am.gif|West Lafayette|IN|Listener Supported Public Radio from Purdue
Chicago Public Radio|308|None|None|Chicago|None|Chicago Public Radio
WBEZ-FM|309|WBEZ|http://media.npr.org/images/stations/logos/wbez_fm.gif|Chicago|IL|None
WBFO-FM|310|WBFO|http://media.npr.org/images/stations/logos/wbfo_fm.gif|Buffalo|NY|NPR from the University at Buffalo
WOLN-FM|311|WOLN|http://media.npr.org/images/stations/logos/woln_fm.gif|Olean|NY|In Tune with Your Mind
WUBJ-FM|312|WUBJ|http://media.npr.org/images/stations/logos/wubj_fm.gif|Jamestown|NY|In Tune with Your Mind
Newark Public Radio|313|None|None|Newark|None|Newark Public Radio
WBGO-FM|314|WBGO|http://media.npr.org/images/stations/logos/wbgo_fm.gif|Newark|NJ|The Jazz Source - on air, online, on your mobile device
WBHM-FM|315|WBHM|http://media.npr.org/images/stations/logos/wbhm_fm.gif|Birmingham|AL|Your NPR News station
WBJB-FM|317|WBJB|http://media.npr.org/images/stations/logos/wbjb_fm.gif|Lincroft|NJ|90.5 The Night
WBLV-FM|318|WBLV|http://media.npr.org/images/stations/logos/wblv_fm.gif|Twin Lake|MI|Blue Lake Public Radio
WBLU-FM|319|WBLU|http://media.npr.org/images/stations/logos/wblu_fm.gif|Grand Rapids|MI|Blue Lake Public Radio
Northeast Indiana Public Radio|320|None|None|Fort Wayne|None|Northeast Indiana Public Radio
WBNI-FM|321|WBNI|http://media.npr.org/images/stations/logos/wbni_fm.gif|Roanoke|IN|Northeast Indiana Public Radio | 94.1 | Roanoke, Fort Wayne IN
WBOI-FM|322|WBOI|http://media.npr.org/images/stations/logos/wboi_fm.gif|Fort Wayne|IN|Northeast Indiana Public Radio | 89.1 | Fort Wayne, IN
Indiana Public Radio|323|None|None|Muncie|None|Indiana Public Radio, Your Local Source for Classical Music and NPR News
WBST-FM|324|WBST|http://media.npr.org/images/stations/logos/wbst_fm.gif|Muncie|IN|Indiana Public Radio, Your Local Source for Classical Music and NPR News
WBSB-FM|325|WBSB|http://media.npr.org/images/stations/logos/wbsb_fm.gif|Anderson|IN|Indiana Public Radio, Your Local Source for Classical Music and NPR News
WBSH-FM|326|WBSH|http://media.npr.org/images/stations/logos/wbsh_fm.gif|Hagerstown|IN|Indiana Public Radio, Your Local Source for Classical Music and NPR News
WBSJ-FM|327|WBSJ|http://media.npr.org/images/stations/logos/wbsj_fm.gif|Portland|IN|Indiana Public Radio, Your Local Source for Classical Music and NPR News
WBSW-FM|328|WBSW|http://media.npr.org/images/stations/logos/wbsw_fm.gif|Marion|IN|Indiana Public Radio, Your Local Source for Classical Music and NPR News
WBUR-FM|330|WBUR|http://media.npr.org/images/stations/logos/wbur_fm.gif|Boston|MA|Boston's NPR News Station
WBUR-AM|331|WBUR|http://media.npr.org/images/stations/logos/wbur_am.gif|West Yarmouth|MA|Boston's NPR News Source
WCCT-FM|332|WCCT|http://media.npr.org/images/stations/logos/wcct_fm.gif|Harwich|MA|NPR News for the Cape and Islands
WRNI-FM|333|WRNI|http://media.npr.org/images/stations/logos/wrni_fm.gif|Providence|RI|Rhode Island's NPR
WSDH-FM|334|WSDH|http://media.npr.org/images/stations/logos/wsdh_fm.gif|Sandwich|MA|NPR News for the Cape and Islands
WCBE-FM|338|WCBE|http://media.npr.org/images/stations/logos/wcbe_fm.gif|Columbus|OH|Central Ohio's NPR Station - Innovative, Provocative, Real
WCBU-FM|339|WCBU|http://media.npr.org/images/stations/logos/wcbu_fm.gif|Peoria|IL|Music and NPR News for central Illinois
WCMU-FM|342|WCMU|http://media.npr.org/images/stations/logos/wcmu_fm.gif|Mount Pleasant|MI|CMU Public Radio, Music & NPR News Stations for Central and Northern Michigan
WCMB-FM|343|WCMB|http://media.npr.org/images/stations/logos/wcmb_fm.gif|Oscoda|MI|CMU Public Radio, Music & NPR News
WCML-FM|344|WCML|http://media.npr.org/images/stations/logos/wcml_fm.gif|Alpena|MI|CMU Public Radio, Music & NPR News
WCMW-FM|345|WCMW|http://media.npr.org/images/stations/logos/wcmw_fm.gif|Harbor Springs|MI|CMU Public Radio, Music & NPR News
WCMZ-FM|346|WCMZ|http://media.npr.org/images/stations/logos/wcmz_fm.gif|Sault Ste. Marie|MI|CMU Public Radio, Music & NPR News
WUCX-FM|347|WUCX|http://media.npr.org/images/stations/logos/wucx_fm.gif|Bay City|MI|Quality Public Radio: Q-90.1 FM
WWCM-FM|348|WWCM|http://media.npr.org/images/stations/logos/wwcm_fm.gif|Standish|MI|CMU Public Radio, Music & NPR News
WCPN-FM|353|WCPN|http://media.npr.org/images/stations/logos/wcpn_fm.gif|Cleveland|OH|The All-Day Brain Food
WCQS-FM|354|WCQS|http://media.npr.org/images/stations/logos/wcqs_fm.gif|Asheville|NC|WCQS is listener-supported public radio for Western North Carolina
WFQS-FM|355|WFQS|http://media.npr.org/images/stations/logos/wfqs_fm.gif|Franklin|NC|National Public Radio for Western North Carolina - NPR News, Classical Music & More
WCVE-FM|356|WCVE|http://media.npr.org/images/stations/logos/wcve_fm.gif|Richmond|VA|A Community Idea Station
WDAV-FM|357|WDAV|http://media.npr.org/images/stations/logos/wdav_fm.gif|Davidson|NC|Classical Public Radio
WDET-FM|358|WDET|http://media.npr.org/images/stations/logos/wdet_fm.gif|Detroit|MI|Detroit Public Radio
WDIY-FM|359|WDIY|http://media.npr.org/images/stations/logos/wdiy_fm.gif|Allentown|PA|Lehigh Valley Community Public Radio
WESA-FM|360|WESA|http://media.npr.org/images/stations/logos/wesa_fm.gif|Pittsburgh|PA|Pittsburgh's only independent public radio news and information station.
WEAA-FM|361|WEAA|http://media.npr.org/images/stations/logos/weaa_fm.gif|Baltimore|MD|WEAA 88.9 FM The Voice Of The Community
WEKU-FM|362|WEKU|http://media.npr.org/images/stations/logos/weku_fm.gif|Richmond|KY|NPR News, Music and So Much More for Central and Southeast Kentucky
WEKH-FM|363|WEKH|http://media.npr.org/images/stations/logos/wekh_fm.gif|Hazard|KY|Great Music and NPR News from Eastern Kentucky University
WEMU-FM|364|WEMU|http://media.npr.org/images/stations/logos/wemu_fm.gif|Ypsilanti|MI|Listener supported public radio from Eastern Michigan University
WERN-FM|366|WERN|http://media.npr.org/images/stations/logos/wern_fm.gif|Madison|WI|News and Classical Network
WHND-FM|367|WHND|http://media.npr.org/images/stations/logos/whnd_fm.gif|Sister Bay|WI|News/Classical Network
WHRM-FM|368|WHRM|http://media.npr.org/images/stations/logos/whrm_fm.gif|Wausau|WI|News and Classical Network
WHSA-FM|369|WHSA|http://media.npr.org/images/stations/logos/whsa_fm.gif|Brule|WI|The NPR News and Classical Music Network
WPNE-FM|370|WPNE|http://media.npr.org/images/stations/logos/wpne_fm.gif|Green Bay|WI|The NPR News and Classical Music Network
WETA-FM|372|WETA|http://media.npr.org/images/stations/logos/weta_fm.gif|Washington|DC|Classical for Washington
WGMS-FM|373|WGMS|http://media.npr.org/images/stations/logos/wgms_fm.gif|Hagerstown|MD|Washington's Classical Music Station
WETS-FM|374|WETS|http://media.npr.org/images/stations/logos/wets_fm.gif|Johnson City|TN|Public Radio for East Tennessee, Southwest Virginia & Western North Carolina
New Hampshire Public Radio|375|None|None|Concord|None|New Hampshire Public Radio
WEVO-FM|376|WEVO|http://media.npr.org/images/stations/logos/wevo_fm.gif|Concord|NH|NHPR: News and Information for the Granite State
WEVC-FM|377|WEVC|http://media.npr.org/images/stations/logos/wevc_fm.gif|Gorham|NH|NHPR: News and Information for the Granite State
WEVH-FM|378|WEVH|http://media.npr.org/images/stations/logos/wevh_fm.gif|Hanover|NH|NHPR: News and Information for the Granite State
WEVN-FM|379|WEVN|http://media.npr.org/images/stations/logos/wevn_fm.gif|Keene|NH|NHPR: News and Information for the Granite State
WFAE-FM|380|WFAE|http://media.npr.org/images/stations/logos/wfae_fm.gif|Charlotte|NC|Charlotte's NPR News Source
WFHE-FM|381|WFHE|http://media.npr.org/images/stations/logos/wfhe_fm.gif|Hickory|NC|Your Source for NPR News in the Catawba Valley
WFCR-FM|382|WFCR|http://media.npr.org/images/stations/logos/wfcr_fm.gif|Amherst|MA|New England Public Radio
WFDD-FM|383|WFDD|http://media.npr.org/images/stations/logos/wfdd_fm.gif|Winston-Salem|NC|Your NPR News and Triad Arts Station from Wake Forest University
WFIT-FM|384|WFIT|http://media.npr.org/images/stations/logos/wfit_fm.gif|Melbourne|FL|Public Radio for The Florida Space Coast
WFIU-FM|385|WFIU|http://media.npr.org/images/stations/logos/wfiu_fm.gif|Bloomington|IN|Public Media from Indiana University
WFPK-FM|387|WFPK|http://media.npr.org/images/stations/logos/wfpk_fm.gif|Louisville|KY|91.9 Radio Louisville
WFPL-FM|388|WFPL|http://media.npr.org/images/stations/logos/wfpl_fm.gif|Louisville|KY|Louisville's NPR News Station
WFSU-FM|390|WFSU|http://media.npr.org/images/stations/logos/wfsu_fm.gif|Tallahassee|FL|Your News & Information Station
WFSQ-FM|391|WFSQ|http://media.npr.org/images/stations/logos/wfsq_fm.gif|Tallahassee|FL|Your Classical Music Source
WFSW-FM|392|WFSW|http://media.npr.org/images/stations/logos/wfsw_fm.gif|Panama City|FL|Your News & Information Station
WFUV-FM|393|WFUV|http://media.npr.org/images/stations/logos/wfuv_fm.gif|New York|NY|Public Radio from Fordham University in New York City
WFYI-FM|394|WFYI|http://media.npr.org/images/stations/logos/wfyi_fm.gif|Indianapolis|IN|For Your Information
WGBH-FM|396|WGBH|http://media.npr.org/images/stations/logos/wgbh_fm.gif|Boston|MA|Boston's NPR Station for News and Culture
WCAI-FM|397|WCAI|http://media.npr.org/images/stations/logos/wcai_fm.gif|Woods Hole|MA|The Cape and Islands NPR Stations
WNAN-FM|398|WNAN|http://media.npr.org/images/stations/logos/wnan_fm.gif|Nantucket|MA|The Cape and Islands NPR Stations
WGCU-FM|400|WGCU|http://media.npr.org/images/stations/logos/wgcu_fm.gif|Fort Myers|FL|NPR for Southwest Florida
WMKO-FM|401|WMKO|http://media.npr.org/images/stations/logos/wmko_fm.gif|Marco|FL|Southwest Florida Public Radio
WGLT-FM|402|WGLT|http://media.npr.org/images/stations/logos/wglt_fm.gif|Normal|IL|News Blues and All That Jazz
WGTE Public Broadcasting|403|None|None|Toledo|None|Classical Music and NPR News from FM 91
WGTE-FM|404|WGTE|http://media.npr.org/images/stations/logos/wgte_fm.gif|Toledo|OH|Classical Music and NPR News from FM 91 in Toledo
WGBE-FM|405|WGBE|http://media.npr.org/images/stations/logos/wgbe_fm.gif|Bryan|OH|Classical Music and NPR News from FM 91 in Bryan
WGDE-FM|406|WGDE|http://media.npr.org/images/stations/logos/wgde_fm.gif|Defiance|OH|Classical Music and NPR News from FM 91 in Defiance
WGLE-FM|407|WGLE|http://media.npr.org/images/stations/logos/wgle_fm.gif|Lima|OH|Classical Music and NPR News from FM 91 in Lima
WGUC-FM|408|WGUC|http://media.npr.org/images/stations/logos/wguc_fm.gif|Cincinnati|OH|Cincinnati's Classical Public Radio
WGVU-AM|410|WGVU|http://media.npr.org/images/stations/logos/wgvu_am.gif|Kentwood|MI|Public Broadcasting for West Michigan
WGVS-AM|411|WGVS|http://media.npr.org/images/stations/logos/wgvs_am.gif|Muskegon|MI|Public Broadcasting for West Michigan
WGVU-FM|412|WGVU|http://media.npr.org/images/stations/logos/wgvu_fm.gif|Allendale|MI|Public Broadcasting for West Michigan
WGVS-FM|413|WGVS|http://media.npr.org/images/stations/logos/wgvs_fm.gif|Whitehall|MI|Public Broadcasting for West Michigan
WHA-AM|414|WHA|http://media.npr.org/images/stations/logos/wha_am.gif|Madison|WI|The Ideas Network
KUWS-FM|415|KUWS|http://media.npr.org/images/stations/logos/kuws_fm.gif|Superior|WI|The Ideas Network
WHID-FM|416|WHID|http://media.npr.org/images/stations/logos/whid_fm.gif|Green Bay|WI|The Ideas Network
WRFW-FM|417|WRFW|http://media.npr.org/images/stations/logos/wrfw_fm.gif|River Falls|WI|The Ideas Network
WRST-FM|418|WRST|http://media.npr.org/images/stations/logos/wrst_fm.gif|Oshkosh|WI|The Ideas Network
WSHS-FM|419|WSHS|http://media.npr.org/images/stations/logos/wshs_fm.gif|Sheboygan|WI|The Ideas Network
WHAD-FM|420|WHAD|http://media.npr.org/images/stations/logos/whad_fm.gif|Delafield|WI|The Ideas Network
WHBM-FM|421|WHBM|http://media.npr.org/images/stations/logos/whbm_fm.gif|Park Falls|WI|The Ideas Network
WHDI-FM|422|WHDI|http://media.npr.org/images/stations/logos/whdi_fm.gif|Milwaukee|WI|The Ideas Network
WHHI-FM|423|WHHI|http://media.npr.org/images/stations/logos/whhi_fm.gif|Highland|WI|The Ideas Network
WHLA-FM|424|WHLA|http://media.npr.org/images/stations/logos/whla_fm.gif|La Crosse|WI|The Ideas Network
WHWC-FM|425|WHWC|http://media.npr.org/images/stations/logos/whwc_fm.gif|Menomonie|WI|The Ideas Network
WLBL-AM|426|WLBL|http://media.npr.org/images/stations/logos/wlbl_am.gif|Auburndale|WI|The Ideas Network
WLBL-FM|427|WLBL|http://media.npr.org/images/stations/logos/wlbl_fm.gif|Wausau|WI|The Ideas Network
WHQR-FM|429|WHQR|http://media.npr.org/images/stations/logos/whqr_fm.gif|Wilmington|NC|Radio with Vision...Listen and See
WHRV-FM|430|WHRV|http://media.npr.org/images/stations/logos/whrv_fm.gif|Norfolk|VA|National Public Radio for Hampton Roads
WHRO-FM|431|WHRO|http://media.npr.org/images/stations/logos/whro_fm.gif|Norfolk|VA|Virginia's Classic Sound
WHYY-FM|433|WHYY|http://media.npr.org/images/stations/logos/whyy_fm.gif|Philadelphia|PA|Public Media Serving Southeastern Pennsylvania, Delaware, South Jersey and the world
WICN-FM|439|WICN|http://media.npr.org/images/stations/logos/wicn_fm.gif|Worcester|MA|Jazz+ for New England
WILL-AM|440|WILL|http://media.npr.org/images/stations/logos/will_am.gif|Urbana|IL|The Information Advantage
WILL-FM|441|WILL|http://media.npr.org/images/stations/logos/will_fm.gif|Urbana|IL|Music and Performance
WITF-FM|442|WITF|http://media.npr.org/images/stations/logos/witf_fm.gif|Harrisburg|PA|Engaging minds, enriching lives, uniquely.
Tri States Public Radio|443|None|None|Macomb|None|Tri States Public Radio
WIUW-FM|445|WIUW|http://media.npr.org/images/stations/logos/wiuw_fm.gif|Warsaw|IL|Tri States Public Radio
WJAB-FM|446|WJAB|http://media.npr.org/images/stations/logos/wjab_fm.gif|Huntsville|AL|Hot Blues, Cool Jazz
WJCT-FM|447|WJCT|http://media.npr.org/images/stations/logos/wjct_fm.gif|Jacksonville|FL|Tune In.  Find out.
Georgia Public Broadcasting|448|None|None|Athens|None|Your source for great music and NPR news.
WJSP-FM|449|WJSP|http://media.npr.org/images/stations/logos/wjsp_fm.gif|Warm Springs|GA|Your source for NPR news and music.
WABR-FM|450|WABR|http://media.npr.org/images/stations/logos/wabr_fm.gif|Tifton|GA|Your source for great music and NPR news.
WACG-FM|451|WACG|http://media.npr.org/images/stations/logos/wacg_fm.gif|Augusta|GA|Your source for great music and NPR news.
WJWV-FM|453|WJWV|http://media.npr.org/images/stations/logos/wjwv_fm.gif|Fort Gaines|GA|Your source for great music and NPR news.
WNGU-FM|454|WNGU|http://media.npr.org/images/stations/logos/wngu_fm.gif|Dahlonega|GA|Your source for great music and NPR news.
WPPR-FM|455|WPPR|http://media.npr.org/images/stations/logos/wppr_fm.gif|Demorest|GA|Your source for great music and NPR news.
WWET-FM|457|WWET|http://media.npr.org/images/stations/logos/wwet_fm.gif|Valdosta|GA|Your source for great music and NPR news.
WUWG-FM|458|WUWG|http://media.npr.org/images/stations/logos/wuwg_fm.gif|Carrolton|GA|Your source for great music and NPR news.
WXVS-FM|459|WXVS|http://media.npr.org/images/stations/logos/wxvs_fm.gif|Waycross|GA|Your source for great music and NPR news.
WKAR-AM|462|WKAR|http://media.npr.org/images/stations/logos/wkar_am.gif|East Lansing|MI|News and Talk from Michigan State University in East Lansing
WKAR-FM|463|WKAR|http://media.npr.org/images/stations/logos/wkar_fm.gif|East Lansing|MI|NPR and Classical from Michigan State University in East Lansing
WKMS-FM|466|WKMS|http://media.npr.org/images/stations/logos/wkms_fm.gif|Murray|KY|Listener Supported Public Radio from Murray State. Serving the Four Rivers Region: Western Kentucky,1
WKNO-FM|467|WKNO|http://media.npr.org/images/stations/logos/wkno_fm.gif|Memphis|TN|NPR for the Mid-South
WKNP-FM|469|WKNP|http://media.npr.org/images/stations/logos/wknp_fm.gif|Jackson|TN|Public Broadcasting for the Mid-South
WKSU-FM|471|WKSU|http://media.npr.org/images/stations/logos/wksu_fm.gif|Kent|OH|NPR.  Classical.  Other Smart Stuff.
WKRJ-FM|472|WKRJ|http://media.npr.org/images/stations/logos/wkrj_fm.gif|New Philadelphia|OH|NPR and Classical Music for Northeast Ohio
WKRW-FM|473|WKRW|http://media.npr.org/images/stations/logos/wkrw_fm.gif|Wooster|OH|NPR and Classical Music for Northeast Ohio
WKYU-FM|476|WKYU|http://media.npr.org/images/stations/logos/wkyu_fm.gif|Bowling Green|KY|WKU Public Radio
WDCL-FM|477|WDCL|http://media.npr.org/images/stations/logos/wdcl_fm.gif|Somerset|KY|Western's Public Radio
WKPB-FM|478|WKPB|http://media.npr.org/images/stations/logos/wkpb_fm.gif|Henderson|KY|Western's Public Radio
WKUE-FM|479|WKUE|http://media.npr.org/images/stations/logos/wkue_fm.gif|Elizabethtown|KY|Western's Public Radio
WLRH-FM|480|WLRH|http://media.npr.org/images/stations/logos/wlrh_fm.gif|Huntsville|AL|Public Radio for the Tennessee Valley
WLRN-FM|482|WLRN|http://media.npr.org/images/stations/logos/wlrn_fm.gif|Miami|FL|NPR News & Intelligent Talk All Day, and the Best in Jazz Seven Nights a Week
WLSU-FM|483|WLSU|http://media.npr.org/images/stations/logos/wlsu_fm.gif|La Crosse|WI|WPR's News and Music Station
WUEC-FM|484|WUEC|http://media.npr.org/images/stations/logos/wuec_fm.gif|Eau Claire|WI|WPR's News/Classical Network
WVSS-FM|485|WVSS|http://media.npr.org/images/stations/logos/wvss_fm.gif|Menomonie|WI|WPR's News/Classical Network
WLTR-FM|487|WLTR|http://media.npr.org/images/stations/logos/wltr_fm.gif|Columbia|SC|Your Classical NPR News Station
WEPR-FM|488|WEPR|http://media.npr.org/images/stations/logos/wepr_fm.gif|Greenville|SC|Your Classical NPR News Station
WHMC-FM|489|WHMC|http://media.npr.org/images/stations/logos/whmc_fm.gif|Conway|SC|Your NPR News Station
WJWJ-FM|490|WJWJ|http://media.npr.org/images/stations/logos/wjwj_fm.gif|Beaufort|SC|Your NPR News Station
WLJK-FM|491|WLJK|http://media.npr.org/images/stations/logos/wljk_fm.gif|Aiken|SC|Your NPR News Station
WNSC-FM|492|WNSC|http://media.npr.org/images/stations/logos/wnsc_fm.gif|Rock Hill|SC|Your NPR News Station
WRJA-FM|493|WRJA|http://media.npr.org/images/stations/logos/wrja_fm.gif|Sumter|SC|Your NPR News Station
WSCI-FM|494|WSCI|http://media.npr.org/images/stations/logos/wsci_fm.gif|Charleston|SC|Your Classical NPR News Station
WMEA-FM|496|WMEA|http://media.npr.org/images/stations/logos/wmea_fm.gif|Lewiston|ME|Maine Public Broadcasting Network
WMEH-FM|497|WMEH|http://media.npr.org/images/stations/logos/wmeh_fm.gif|Bangor|ME|Maine Public Broadcasting Network
WMED-FM|498|WMED|http://media.npr.org/images/stations/logos/wmed_fm.gif|Calais|ME|Maine Public Broadcasting Network
WMEF-FM|499|WMEF|http://media.npr.org/images/stations/logos/wmef_fm.gif|Ft. Kent|ME|Maine Public Broadcasting Network
WMEM-FM|500|WMEM|http://media.npr.org/images/stations/logos/wmem_fm.gif|Presque Isle|ME|Maine Public Broadcasting Network
WMEW-FM|501|WMEW|http://media.npr.org/images/stations/logos/wmew_fm.gif|Waterville|ME|Maine Public Broadcasting Network
WMFE-FM|502|WMFE|http://media.npr.org/images/stations/logos/wmfe_fm.gif|Orlando|FL|News and information 24/7
WMHT-FM|503|WMHT|http://media.npr.org/images/stations/logos/wmht_fm.gif|Schenectady|NY|Your Classical Companion
WRHV-FM|504|WRHV|http://media.npr.org/images/stations/logos/wrhv_fm.gif|Poughkeepsie|NY|Your Classical Companion
WMKY-FM|505|WMKY|http://media.npr.org/images/stations/logos/wmky_fm.gif|Morehead|KY|Morehead State's Public Radio - From the Bluegrass to the Mountains
WMNF-FM|507|WMNF|http://media.npr.org/images/stations/logos/wmnf_fm.gif|Tampa|FL|Eclectic music and independent, progressive news and public affairs for Tampa Bay and the world
WMOT-FM|508|WMOT|http://media.npr.org/images/stations/logos/wmot_fm.gif|Murfreesboro|TN|Middle Tennessee's Jazz Source
WMPN-FM|510|WMPN|http://media.npr.org/images/stations/logos/wmpn_fm.gif|Jackson|MS|Mississippi Public Broadcasting - Think Radio
WMAB-FM|511|WMAB|http://media.npr.org/images/stations/logos/wmab_fm.gif|Mississippi State|MS|Mississippi Public Broadcasting - Think Radio
WMAE-FM|512|WMAE|http://media.npr.org/images/stations/logos/wmae_fm.gif|Booneville|MS|PRM, Public Radio in Mississippi
WMAH-FM|513|WMAH|http://media.npr.org/images/stations/logos/wmah_fm.gif|Biloxi|MS|PRM, Public Radio in Mississippi
WMAO-FM|514|WMAO|http://media.npr.org/images/stations/logos/wmao_fm.gif|Greenwood|MS|PRM, Public Radio in Mississippi
WMAU-FM|515|WMAU|http://media.npr.org/images/stations/logos/wmau_fm.gif|Bude|MS|PRM, Public Radio in Mississippi
WMAV-FM|516|WMAV|http://media.npr.org/images/stations/logos/wmav_fm.gif|Oxford|MS|PRM, Public Radio in Mississippi
WMAW-FM|517|WMAW|http://media.npr.org/images/stations/logos/wmaw_fm.gif|Meridian|MS|PRM, Public Radio in Mississippi
WMRA-FM|518|WMRA|http://media.npr.org/images/stations/logos/wmra_fm.gif|Harrisonburg|VA|NPR News & NPR Talk
WMLU-FM|519|WMLU|http://media.npr.org/images/stations/logos/wmlu_fm.gif|Longwood|VA|NPR News & NPR Talk
WMRL-FM|520|WMRL|http://media.npr.org/images/stations/logos/wmrl_fm.gif|Lexington|VA|NPR News & NPR Talk
WMRY-FM|521|WMRY|http://media.npr.org/images/stations/logos/wmry_fm.gif|Charlottesville|VA|NPR News & NPR Talk
WMUK-FM|523|WMUK|http://media.npr.org/images/stations/logos/wmuk_fm.gif|Kalamazoo|MI|Public Radio from Western Michigan University
WNCU-FM|524|WNCU|http://media.npr.org/images/stations/logos/wncu_fm.gif|Durham|NC|North Carolina Central University's Jazz and Information Station
WNCW-FM|525|WNCW|http://media.npr.org/images/stations/logos/wncw_fm.gif|Spindale|NC|A Member Supported Public Radio Station Broadcasting a World of Music
WNED-AM|527|WNED|http://media.npr.org/images/stations/logos/wned_am.gif|Buffalo|NY|The Information Station
WNIJ-FM|529|WNIJ|http://media.npr.org/images/stations/logos/wnij_fm.gif|Rockford|IL|Where You Learn Something New Every Day
WNIE-FM|530|WNIE|http://media.npr.org/images/stations/logos/wnie_fm.gif|Freeport|IL|Where You Learn Something New Every Day
WNIQ-FM|531|WNIQ|http://media.npr.org/images/stations/logos/wniq_fm.gif|Sterling|IL|Where You Learn Something New Every Day
WNIW-FM|532|WNIW|http://media.npr.org/images/stations/logos/wniw_fm.gif|LaSalle|IL|Where You Learn Something New Every Day
WNIN-FM|533|WNIN|http://media.npr.org/images/stations/logos/wnin_fm.gif|Evansville|IN|Building a Better Tri-State Together
WNJB-FM|537|WNJB|http://media.npr.org/images/stations/logos/wnjb_fm.gif|Bridgeton|NJ|NJN Public Radio
WNJM-FM|538|WNJM|http://media.npr.org/images/stations/logos/wnjm_fm.gif|Manahawkin|NJ|NJN Public Radio
WNJN-FM|539|WNJN|http://media.npr.org/images/stations/logos/wnjn_fm.gif|Atlantic City|NJ|NJN Public Radio
WNJP-FM|540|WNJP|http://media.npr.org/images/stations/logos/wnjp_fm.gif|Sussex|NJ|NJN Public Radio
WNJS-FM|541|WNJS|http://media.npr.org/images/stations/logos/wnjs_fm.gif|Berlin|NJ|NJN Public Radio
WNJZ-FM|542|WNJZ|http://media.npr.org/images/stations/logos/wnjz_fm.gif|Cape May|NJ|NJN Public Radio
WNKU-FM|543|WNKU|http://media.npr.org/images/stations/logos/wnku_fm.gif|Highland Heights|KY|Public Radio That Rocks
WNMU-FM|545|WNMU|http://media.npr.org/images/stations/logos/wnmu_fm.gif|Marquette|MI|Listener Supported Public Radio for the Central Upper Peninsula of Michigan and Northeast Wisconsin 1
WNPR-FM|547|WNPR|http://media.npr.org/images/stations/logos/wnpr_fm.gif|Norwich|CT|WNPR-Connecticut Public Radio
WEDW-FM|548|WEDW|http://media.npr.org/images/stations/logos/wedw_fm.gif|Stamford|CT|WNPR-Connecticut Public Radio
WPKT-FM|549|WPKT|http://media.npr.org/images/stations/logos/wpkt_fm.gif|Meriden|CT|WNPR-Connecticut Public Radio
WRLI-FM|550|WRLI|http://media.npr.org/images/stations/logos/wrli_fm.gif|Southampton|NY|WNPR-Connecticut Public Radio
WNYC-AM|553|WNYC|http://media.npr.org/images/stations/logos/wnyc_am.gif|New York|NY|Hear It Now
WNYC-FM|554|WNYC|http://media.npr.org/images/stations/logos/wnyc_fm.gif|New York|NY|New York's Best News, Talk and Classical Music
Iowa Public Radio|556|None|None|Ames|None|IPR enhances civic and cultural connections across the state, strengthening communities and reflecti10
WOI-FM|558|WOI|http://media.npr.org/images/stations/logos/woi_fm.gif|Ames|IA|IPR enhances civic and cultural connections across the state, strengthening communities and reflecti1
KTPR-FM|559|KTPR|http://media.npr.org/images/stations/logos/ktpr_fm.gif|Ames|IA|IPR enhances civic and cultural connections across the state, strengthening communities and reflecti1
WOSU Public Media|560|None|None|Columbus|None|None
WOSB-FM|562|WOSB|http://media.npr.org/images/stations/logos/wosb_fm.gif|Marion|OH|Classical Music All Day, Every Day
WOSE-FM|563|WOSE|http://media.npr.org/images/stations/logos/wose_fm.gif|Coshocton|OH|Classical Music All Day, Every Day
WOSP-FM|564|WOSP|http://media.npr.org/images/stations/logos/wosp_fm.gif|Portsmouth|OH|Classical Music All Day, Every Day
WOSV-FM|565|WOSV|http://media.npr.org/images/stations/logos/wosv_fm.gif|Mansfield|OH|Classical Music All Day, Every Day
WOSU-FM|566|WOSU|http://media.npr.org/images/stations/logos/wosu_fm.gif|Columbus|OH|All Day NPR News
WOUB-AM|568|WOUB|http://media.npr.org/images/stations/logos/woub_am.gif|Athens|OH|Athens News and Music
WOUB-FM|569|WOUB|http://media.npr.org/images/stations/logos/woub_fm.gif|Athens|OH|Your NPR News Station
WOUC-FM|570|WOUC|http://media.npr.org/images/stations/logos/wouc_fm.gif|Cambridge|OH|Your NPR News Station
WOUH-FM|571|WOUH|http://media.npr.org/images/stations/logos/wouh_fm.gif|Chillicothe|OH|Your NPR News Station
WOUL-FM|572|WOUL|http://media.npr.org/images/stations/logos/woul_fm.gif|Ironton|OH|Your NPR News Station
WOUZ-FM|573|WOUZ|http://media.npr.org/images/stations/logos/wouz_fm.gif|Zanesville|OH|Your NPR News Station
WPPB-FM|575|WPPB|http://media.npr.org/images/stations/logos/wppb_fm.gif|Southampton|NY|Long Island's Public Radio Network Serving Long Island and Connecticut
WPLN-FM|578|WPLN|http://media.npr.org/images/stations/logos/wpln_fm.gif|Nashville|TN|NPR News in Nashville
WHRS-FM|579|WHRS|http://media.npr.org/images/stations/logos/whrs_fm.gif|Cookeville|TN|NPR News in Nashville
WPLN-AM|580|WPLN|http://media.npr.org/images/stations/logos/wpln_am.gif|Madison|TN|NPR Talk and World News 24 Hours a Day
WTML-FM|581|WTML|http://media.npr.org/images/stations/logos/wtml_fm.gif|Tullahoma|TN|NPR News in Nashville
WPSU-FM|584|WPSU|http://media.npr.org/images/stations/logos/wpsu_fm.gif|State College|PA|Public Radio for Central Pennsylvania
WKVR-FM|585|WKVR|http://media.npr.org/images/stations/logos/wkvr_fm.gif|Huntingdon|PA|Public Radio for Central Pennsylvania
WQCS-FM|587|WQCS|http://media.npr.org/images/stations/logos/wqcs_fm.gif|Fort Pierce|FL|NPR for the treasure coast
WQED-FM|589|WQED|http://media.npr.org/images/stations/logos/wqed_fm.gif|Pittsburgh|PA|Classical 'QED 89.3
WQEJ-FM|590|WQEJ|http://media.npr.org/images/stations/logos/wqej_fm.gif|Johnstown|PA|WQED changes lives.
WQUB-FM|593|WQUB|http://media.npr.org/images/stations/logos/wqub_fm.gif|Quincy|IL|Public Radio in Quincy/Hannibal
WRKF-FM|595|WRKF|http://media.npr.org/images/stations/logos/wrkf_fm.gif|Baton Rouge|LA|Your NPR News Source
WRTI-FM|597|WRTI|http://media.npr.org/images/stations/logos/wrti_fm.gif|Philadelphia|PA|Your Classical and Jazz Station
WJAZ-FM|598|WJAZ|http://media.npr.org/images/stations/logos/wjaz_fm.gif|Summerdale|PA|The Number One Source for Classical and Jazz Music in Philadelphia and the Surrounding Areas!
WRTQ-FM|599|WRTQ|http://media.npr.org/images/stations/logos/wrtq_fm.gif|Ocean City|NJ|The Number One Source for Classical and Jazz Music in Philadelphia and the Surrounding Areas!
WRTX-FM|600|WRTX|http://media.npr.org/images/stations/logos/wrtx_fm.gif|Dover|DE|The Number One Source for Classical and Jazz Music in Philadelphia and the Surrounding Areas!
WRTY-FM|601|WRTY|http://media.npr.org/images/stations/logos/wrty_fm.gif|Mt. Pocono|PA|The Number One Source for Classical and Jazz Music in Philadelphia and the Surrounding Areas!
WRVO Stations|603|None|None|Oswego|None|Your Source for NPR News
WRVO-FM|604|WRVO|http://media.npr.org/images/stations/logos/wrvo_fm.gif|Oswego|NY|Your Source for NPR News
WRVD-FM|605|WRVD|http://media.npr.org/images/stations/logos/wrvd_fm.gif|Oswego|NY|Your Source for NPR News
WRVJ-FM|606|WRVJ|http://media.npr.org/images/stations/logos/wrvj_fm.gif|Watertown|NY|Your Source for NPR News
WRVN-FM|607|WRVN|http://media.npr.org/images/stations/logos/wrvn_fm.gif|Utica|NY|Your Source for NPR News
WSCL-FM|608|WSCL|http://media.npr.org/images/stations/logos/wscl_fm.gif|Salisbury|MD|Great Music and NPR News!
WSDL-FM|609|WSDL|http://media.npr.org/images/stations/logos/wsdl_fm.gif|Ocean City|MD|Putting Delmarva 1st!
WSHU-FM|611|WSHU|http://media.npr.org/images/stations/logos/wshu_fm.gif|Fairfield|CT|Your Station for NPR News and Classical Music
WSHU-AM|612|WSHU|http://media.npr.org/images/stations/logos/wshu_am.gif|Westport|CT|Your Station for NPR News and Talk
WSUF-FM|613|WSUF|http://media.npr.org/images/stations/logos/wsuf_fm.gif|Selden|NY|Your Station for NPR News and Talk
WSIU-FM|615|WSIU|http://media.npr.org/images/stations/logos/wsiu_fm.gif|Carbondale|IL|Powered by You
WUSI-FM|616|WUSI|http://media.npr.org/images/stations/logos/wusi_fm.gif|Olney|IL|Your NPR Station
WVSI-FM|617|WVSI|http://media.npr.org/images/stations/logos/wvsi_fm.gif|Mt. Vernon|IL|Your NPR Station
WSKG-FM|619|WSKG|http://media.npr.org/images/stations/logos/wskg_fm.gif|Binghamton|NY|Listener-Supported Public Radio
WSQA-FM|620|WSQA|http://media.npr.org/images/stations/logos/wsqa_fm.gif|Hornell|NY|Listener-Supported Public Radio
WSQC-FM|621|WSQC|http://media.npr.org/images/stations/logos/wsqc_fm.gif|Oneonta|NY|Listener-Supported Public Radio
WSQE-FM|622|WSQE|http://media.npr.org/images/stations/logos/wsqe_fm.gif|Corning|NY|Listener-Supported Public Radio
WSQG-FM|623|WSQG|http://media.npr.org/images/stations/logos/wsqg_fm.gif|Ithaca|NY|Listener-Supported Public Radio
WSQX-FM|624|WSQX|http://media.npr.org/images/stations/logos/wsqx_fm.gif|Binghamton|NY|Your Jazz & News Alternative
North Country Public Radio|625|None|None|Canton|None|North Country Public Radio
WSLU-FM|626|WSLU|http://media.npr.org/images/stations/logos/wslu_fm.gif|Canton|NY|North Country Public Radio
WSLJ-FM|627|WSLJ|http://media.npr.org/images/stations/logos/wslj_fm.gif|Watertown|NY|North Country Public Radio
WSLL-FM|628|WSLL|http://media.npr.org/images/stations/logos/wsll_fm.gif|Saranac Lake|NY|North Country Public Radio
WSLO-FM|629|WSLO|http://media.npr.org/images/stations/logos/wslo_fm.gif|Malone|NY|North Country Public Radio
WXLG-FM|630|WXLG|http://media.npr.org/images/stations/logos/wxlg_fm.gif|North Creek|NY|North Country Public Radio
WXLU-FM|632|WXLU|http://media.npr.org/images/stations/logos/wxlu_fm.gif|Peru|NY|North Country Public Radio
WSVH-FM|635|WSVH|http://media.npr.org/images/stations/logos/wsvh_fm.gif|Savannah|GA|Serving coastal Georgia and Low Country South Carolina.
WWIO-FM|636|WWIO|http://media.npr.org/images/stations/logos/wwio_fm.gif|Brunswick|GA|Serving coastal Georgia and Low Country South Carolina.
WTEB-FM|638|WTEB|http://media.npr.org/images/stations/logos/wteb_fm.gif|New Bern|NC|Public Radio East - Classical
WTSU-FM|642|WTSU|http://media.npr.org/images/stations/logos/wtsu_fm.gif|Montgomery/Troy|AL|Troy State Public Radio
WRWA-FM|643|WRWA|http://media.npr.org/images/stations/logos/wrwa_fm.gif|Dothan|AL|Troy University Public Radio
WTJB-FM|644|WTJB|http://media.npr.org/images/stations/logos/wtjb_fm.gif|Columbus|GA|Troy University Public Radio
WUAL-FM|646|WUAL|http://media.npr.org/images/stations/logos/wual_fm.gif|Tuscaloosa|AL|Alabama Public Radio
WQPR-FM|647|WQPR|http://media.npr.org/images/stations/logos/wqpr_fm.gif|Muscle Shoals|AL|Alabama Public Radio
WUCF-FM|649|WUCF|http://media.npr.org/images/stations/logos/wucf_fm.gif|Orlando|FL|89-9 Jazz & More
WUFT-FM|650|WUFT|http://media.npr.org/images/stations/logos/wuft_fm.gif|Gainesville|FL|Florida's 89.1 WUFT-FM
WJUF-FM|651|WJUF|http://media.npr.org/images/stations/logos/wjuf_fm.gif|Inverness|FL|Florida's 89.1 WUFT-FM
WUGA-FM|652|WUGA|http://media.npr.org/images/stations/logos/wuga_fm.gif|Athens|GA|WUGA, your Oasis for Ideas and the Arts.
WUIS-FM|653|WUIS|http://media.npr.org/images/stations/logos/wuis_fm.gif|Springfield|IL|My Source for NPR
WIPA-FM|654|WIPA|http://media.npr.org/images/stations/logos/wipa_fm.gif|Pittsfield|IL|My Source for NPR
WUKY-FM|655|WUKY|http://media.npr.org/images/stations/logos/wuky_fm.gif|Lexington|KY|NPR Rocks @ 91.3
WBPR-FM|657|WBPR|http://media.npr.org/images/stations/logos/wbpr_fm.gif|Worcester|MA|Folk Radio
WFPB-AM|658|WFPB|http://media.npr.org/images/stations/logos/wfpb_am.gif|Orleans|MA|Folk Radio
WFPB-FM|659|WFPB|http://media.npr.org/images/stations/logos/wfpb_fm.gif|Falmouth|MA|Folk Radio
WNEF-FM|660|WNEF|http://media.npr.org/images/stations/logos/wnef_fm.gif|Newburyport|MA|Folk Radio
WUNC-FM|661|WUNC|http://media.npr.org/images/stations/logos/wunc_fm.gif|Chapel Hill|NC|Bringing the World Home to You: North Carolina Public Radio - WUNC
WBUX-FM|662|WBUX|http://media.npr.org/images/stations/logos/wbux_fm.gif|Buxton|NC|Your NPR Station
WRQM-FM|663|WRQM|http://media.npr.org/images/stations/logos/wrqm_fm.gif|Rocky Mount|NC|Your NPR Station
WURI-FM|664|WURI|http://media.npr.org/images/stations/logos/wuri_fm.gif|Manteo|NC|Your NPR Station
WUOM-FM|666|WUOM|http://media.npr.org/images/stations/logos/wuom_fm.gif|Ann Arbor|MI|Michigan Radio
WFUM-FM|667|WFUM|http://media.npr.org/images/stations/logos/wfum_fm.gif|Flint|MI|Michigan Radio
WVGR-FM|668|WVGR|http://media.npr.org/images/stations/logos/wvgr_fm.gif|Grand Rapids|MI|Michigan Radio
WUOT-FM|669|WUOT|http://media.npr.org/images/stations/logos/wuot_fm.gif|Knoxville|TN|Listener-Supported WUOT 91.9 FM, Knoxville
WUSF-FM|671|WUSF|http://media.npr.org/images/stations/logos/wusf_fm.gif|Tampa|FL|WUSF Public Media
WUTC-FM|672|WUTC|http://media.npr.org/images/stations/logos/wutc_fm.gif|Chattanooga|TN|NPR Music & Information
WUWF-FM|673|WUWF|http://media.npr.org/images/stations/logos/wuwf_fm.gif|Pensacola|FL|Listener Supported Radio from the University of West Florida
WUWM-FM|675|WUWM|http://media.npr.org/images/stations/logos/wuwm_fm.gif|Milwaukee|WI|WUWM 89.7FM-Milwaukee Public Radio
WVAS-FM|676|WVAS|http://media.npr.org/images/stations/logos/wvas_fm.gif|Montgomery|AL|Jazz, Blues, News and Views
WVIA-FM|678|WVIA|http://media.npr.org/images/stations/logos/wvia_fm.gif|Scranton|PA|Public Broadcasting for Northeastern Pennsylvania and the Central Susquehanna Valley
WVIK-FM|679|WVIK|http://media.npr.org/images/stations/logos/wvik_fm.gif|Rock Island|IL|Quad Cities Public Radio
WVPE-FM|680|WVPE|http://media.npr.org/images/stations/logos/wvpe_fm.gif|Elkhart|IN|Inform. Entertain. Inspire.
West Virginia Public Broadcasting|681|None|None|Charleston|None|West Virginia Public Radio
WVPN-FM|682|WVPN|http://media.npr.org/images/stations/logos/wvpn_fm.gif|Charleston|WV|Your trusted source for news, music & entertainment
WAUA-FM|683|WAUA|http://media.npr.org/images/stations/logos/waua_fm.gif|Petersburg|WV|West Virginia Public Radio
WVEP-FM|684|WVEP|http://media.npr.org/images/stations/logos/wvep_fm.gif|Martinsburg|WV|West Virginia Public Radio
WVNP-FM|685|WVNP|http://media.npr.org/images/stations/logos/wvnp_fm.gif|Wheeling|WV|West Virginia Public Radio
WVPB-FM|686|WVPB|http://media.npr.org/images/stations/logos/wvpb_fm.gif|Beckley|WV|West Virginia Public Radio
WVPG-FM|687|WVPG|http://media.npr.org/images/stations/logos/wvpg_fm.gif|Parkersburg|WV|West Virginia Public Radio
WVPM-FM|688|WVPM|http://media.npr.org/images/stations/logos/wvpm_fm.gif|Morgantown|WV|West Virginia Public Radio
WVPW-FM|689|WVPW|http://media.npr.org/images/stations/logos/wvpw_fm.gif|Buckhannon|WV|West Virginia Public Radio
WVWV-FM|690|WVWV|http://media.npr.org/images/stations/logos/wvwv_fm.gif|Huntington|WV|West Virginia Public Radio
Vermont Public Radio|691|None|None|Burlington|None|Vermont Public Radio
WVPS-FM|692|WVPS|http://media.npr.org/images/stations/logos/wvps_fm.gif|Burlington|VT|VPR on WVPS Burlington 107.9FM
WBTN-FM|693|WBTN|http://media.npr.org/images/stations/logos/wbtn_fm.gif|Bennington|VT|VPR on WBTN Bennington 94.3FM
WRVT-FM|694|WRVT|http://media.npr.org/images/stations/logos/wrvt_fm.gif|Rutland|VT|VPR on WRVT Rutland 88.7FM
WVPA-FM|695|WVPA|http://media.npr.org/images/stations/logos/wvpa_fm.gif|St. Johnsbury|VT|VPR on WVPA St. Johnsbury at 88.5FM
WVPR-FM|696|WVPR|http://media.npr.org/images/stations/logos/wvpr_fm.gif|Windsor|VT|VPR on WVPR Windsor 88.9FM
WVTF-FM|698|WVTF|http://media.npr.org/images/stations/logos/wvtf_fm.gif|Roanoke|VA|WVTF Public Radio - Classical, Jazz, NPR
WVTR-FM|699|WVTR|http://media.npr.org/images/stations/logos/wvtr_fm.gif|Marion|VA|WVTF Public Radio - Classical, Jazz, NPR
WVTU-FM|700|WVTU|http://media.npr.org/images/stations/logos/wvtu_fm.gif|Charlottesville|VA|WVTF Public Radio - Classical, Jazz, NPR
WVTW-FM|701|WVTW|http://media.npr.org/images/stations/logos/wvtw_fm.gif|Charlottesville|VA|WVTF Public Radio - Classical, Jazz, NPR
WWVT-AM|702|WWVT|http://media.npr.org/images/stations/logos/wwvt_am.gif|Christiansburg|VA|RADIO IQ - BBC News, NPR Talk
WVXU-FM|704|WVXU|http://media.npr.org/images/stations/logos/wvxu_fm.gif|Cincinnati|OH|Connecting You to a World of Ideas
WWNO-FM|711|WWNO|http://media.npr.org/images/stations/logos/wwno_fm.gif|New Orleans|LA|Public Radio from the University of New Orleans
KTLN-FM|712|KTLN|http://media.npr.org/images/stations/logos/ktln_fm.gif|Thibodaux|LA|Public Radio from the University of New Orleans
WPBI-FM|713|WPBI|http://media.npr.org/images/stations/logos/wpbi_fm.gif|West Palm Beach|FL|Classical South Florida
XPN Public Radio|714|None|None|Philadelphia|None|XPN Public Radio
WXPN-FM|715|WXPN|http://media.npr.org/images/stations/logos/wxpn_fm.gif|Philadelphia|PA|It's All About the Music
WXPH-FM|717|WXPH|http://media.npr.org/images/stations/logos/wxph_fm.gif|Philadelphia|PA|It's All About the Music
WXPR-FM|718|WXPR|http://media.npr.org/images/stations/logos/wxpr_fm.gif|Rhinelander|WI|Public Radio Plus
WXPW-FM|719|WXPW|http://media.npr.org/images/stations/logos/wxpw_fm.gif|Wausau|WI|Public Radio Plus
WXXI-AM|721|WXXI|http://media.npr.org/images/stations/logos/wxxi_am.gif|Rochester|NY|WXXI: Rochester's NPR News Station
WXXI-FM|722|WXXI|http://media.npr.org/images/stations/logos/wxxi_fm.gif|Rochester|NY|WXXI FM 91.5
WXXY-FM|723|WXXY|http://media.npr.org/images/stations/logos/wxxy_fm.gif|Houghton|NJ|None
WYEP-FM|724|WYEP|http://media.npr.org/images/stations/logos/wyep_fm.gif|Pittsburgh|PA|Where the Music Matters
WYPR-FM|725|WYPR|http://media.npr.org/images/stations/logos/wypr_fm.gif|Baltimore|MD|Your NPR News Station
WYSO-FM|726|WYSO|http://media.npr.org/images/stations/logos/wyso_fm.gif|Yellow Springs|OH|Public Radio for the Miami Valley
WYSU-FM|727|WYSU|http://media.npr.org/images/stations/logos/wysu_fm.gif|Youngstown|OH|Radio you need to know...
KNBA-FM|731|KNBA|http://media.npr.org/images/stations/logos/knba_fm.gif|Anchorage|AK|Koahnic Broadcast Corporation
KCUK-FM|732|KCUK|http://media.npr.org/images/stations/logos/kcuk_fm.gif|Chevak|AK|The Native American Radio Service
KDLG-AM|733|KDLG|http://media.npr.org/images/stations/logos/kdlg_am.gif|Dillingham|AK|Public Radio for Southwest Alaska Since 1975
KMXT-FM|737|KMXT|http://media.npr.org/images/stations/logos/kmxt_fm.gif|Kodiak|AK|Kodiak Public Broadcasting Corporation
KTNA-FM|742|KTNA|http://media.npr.org/images/stations/logos/ktna_fm.gif|Talkeetna|AK|Talkeetna Community Radio Inc.
KUCB-FM|743|KUCB|http://media.npr.org/images/stations/logos/kucb_fm.gif|Unalaska|AK|Unalaska Community Broadcasting
KCHU-AM|744|KCHU|http://media.npr.org/images/stations/logos/kchu_am.gif|Valdez|AK|Public Radio for Prince William Sound and the Copper River Valley
KAJX-FM|747|KAJX|http://media.npr.org/images/stations/logos/kajx_fm.gif|Aspen|CO|news.music.insight
KDNK-FM|749|KDNK|http://media.npr.org/images/stations/logos/kdnk_fm.gif|Carbondale|CO|Carbondale Community Access Radio
KBUT-FM|751|KBUT|http://media.npr.org/images/stations/logos/kbut_fm.gif|Crested Butte|CO|Community Radio for the Gunnison Valley
KVNF-FM|752|KVNF|http://media.npr.org/images/stations/logos/kvnf_fm.gif|Paonia|CO|Mountain Grown Community Radio
KOTO-FM|753|KOTO|http://media.npr.org/images/stations/logos/koto_fm.gif|Telluride|CO|San Miguel Ed. Fund
KMUN-FM|756|KMUN|http://media.npr.org/images/stations/logos/kmun_fm.gif|Astoria|OR|Local & Independent since 1983
KACU-FM|757|KACU|http://media.npr.org/images/stations/logos/kacu_fm.gif|Abilene|TX|Abilene Christian University
WEOS-FM|761|WEOS|http://media.npr.org/images/stations/logos/weos_fm.gif|Geneva|NY|WEOS: Finger Lakes Public Radio from Hobart and William Smith Colleges
WJFF-FM|762|WJFF|http://media.npr.org/images/stations/logos/wjff_fm.gif|Jeffersonville|NY|Radio Catskill
KTDB-FM|770|KTDB|http://media.npr.org/images/stations/logos/ktdb_fm.gif|Ramah|NM|The Native American Radio Service
WNED-FM|776|WNED|http://media.npr.org/images/stations/logos/wned_fm.gif|Buffalo|NY|Classical 94.5
WRTU-FM|777|WRTU|http://media.npr.org/images/stations/logos/wrtu_fm.gif|San Juan|PR|University of Puerto Rico
WSMC-FM|779|WSMC|http://media.npr.org/images/stations/logos/wsmc_fm.gif|Collegedale|TN|Southern Adventist University
WNTI-FM|781|WNTI|http://media.npr.org/images/stations/logos/wnti_fm.gif|Hackettstown|NJ|Public Radio from Centenary College
KOPN-FM|786|KOPN|http://media.npr.org/images/stations/logos/kopn_fm.gif|Columbia|MO|New Wave Corp.
WOJB-FM|788|WOJB|http://media.npr.org/images/stations/logos/wojb_fm.gif|Reserve|WI|Lac Courte Oreilles Ojibwa P.B.C.
KGPR-FM|795|KGPR|http://media.npr.org/images/stations/logos/kgpr_fm.gif|Great Falls|MT|Montana Public Radio
KTXK-FM|802|KTXK|http://media.npr.org/images/stations/logos/ktxk_fm.gif|Texarkana|TX|Texarkana Community College
WGTD-FM|804|WGTD|http://media.npr.org/images/stations/logos/wgtd_fm.gif|Kenosha|WI|Gateway Technical College
KXGA-FM|805|KXGA|http://media.npr.org/images/stations/logos/kxga_fm.gif|Glennallen|AK|Terminal Radio, Inc.
KXKM-FM|806|KXKM|http://media.npr.org/images/stations/logos/kxkm_fm.gif|McCarthy|AK|Terminal Radio, Inc.
KVMT-FM|807|KVMT|http://media.npr.org/images/stations/logos/kvmt_fm.gif|Montrose|CO|No. Fork Valley Public Radio, Inc.
WEVJ-FM|808|WEVJ|http://media.npr.org/images/stations/logos/wevj_fm.gif|Jackson|NH|NHPR: News and Information for the Granite State
KBSQ-FM|813|KBSQ|http://media.npr.org/images/stations/logos/kbsq_fm.gif|McCall|ID|Enriching Your Life
KBSY-FM|814|KBSY|http://media.npr.org/images/stations/logos/kbsy_fm.gif|Burley|ID|Enriching Your Life
KWOI-FM|815|KWOI|http://media.npr.org/images/stations/logos/kwoi_fm.gif|Carroll|IA|IPR enhances civic and cultural connections across the state, strengthening communities and reflecti1
KYUK-AM|816|KYUK|http://media.npr.org/images/stations/logos/kyuk_am.gif|Bethel|AK|Bethel Broadcasting
KANV-FM|817|KANV|http://media.npr.org/images/stations/logos/kanv_fm.gif|Olsburg|KS|Your Place to Find NPR News
KSJN-FM|818|KSJN|http://media.npr.org/images/stations/logos/ksjn_fm.gif|St. Paul|MN|Minnesota Public Radio
KWRR-FM|821|KWRR|http://media.npr.org/images/stations/logos/kwrr_fm.gif|Ethete|WY|The Native American Radio Service
KPAC-FM|822|KPAC|http://media.npr.org/images/stations/logos/kpac_fm.gif|San Antonio|TX|Your Classical Oasis
KCCM-FM|823|KCCM|http://media.npr.org/images/stations/logos/kccm_fm.gif|Moorhead|MN|Minnesota Public Radio
KCMF-FM|824|KCMF|http://media.npr.org/images/stations/logos/kcmf_fm.gif|Fergus Falls|MN|Minnesota Public Radio
KCRB-FM|825|KCRB|http://media.npr.org/images/stations/logos/kcrb_fm.gif|Bemidji|MN|Minnesota Public Radio
KGAC-FM|826|KGAC|http://media.npr.org/images/stations/logos/kgac_fm.gif|St. Peter|MN|Minnesota Public Radio
KLCD-FM|827|KLCD|http://media.npr.org/images/stations/logos/klcd_fm.gif|Rochester|IA|Minnesota Public Radio
KLSE-FM|828|KLSE|http://media.npr.org/images/stations/logos/klse_fm.gif|Rochester|MN|Minnesota Public Radio
KQMN-FM|829|KQMN|http://media.npr.org/images/stations/logos/kqmn_fm.gif|St. Paul|MN|Minnesota Public Radio
KRSD-FM|830|KRSD|http://media.npr.org/images/stations/logos/krsd_fm.gif|Sioux Falls|SD|Minnesota Public Radio
KRSW-FM|831|KRSW|http://media.npr.org/images/stations/logos/krsw_fm.gif|Worthington-Marshall|MN|Minnesota Public Radio
KSJR-FM|832|KSJR|http://media.npr.org/images/stations/logos/ksjr_fm.gif|Collegeville-St. Cloud|MN|Minnesota Public Radio
KWRV-FM|833|KWRV|http://media.npr.org/images/stations/logos/kwrv_fm.gif|St. Paul|ID|Minnesota Public Radio
WIRR-FM|834|WIRR|http://media.npr.org/images/stations/logos/wirr_fm.gif|Virginia-Hibbing|MN|Minnesota Public Radio
WMLS-FM|835|WMLS|http://media.npr.org/images/stations/logos/wmls_fm.gif|Grand Marais|MN|Minnesota Public Radio
KBSK-FM|837|KBSK|http://media.npr.org/images/stations/logos/kbsk_fm.gif|McCall|ID|Enriching Your Life
KMWS-FM|838|KMWS|http://media.npr.org/images/stations/logos/kmws_fm.gif|Mount Vernon|WA|Northwest Public Radio, Your NPR News Station
KECC-FM|839|KECC|http://media.npr.org/images/stations/logos/kecc_fm.gif|La Junta|CO|Public Radio for Southern Colorado and a wee bit of Northern New Mexico
KSMW-FM|840|KSMW|http://media.npr.org/images/stations/logos/ksmw_fm.gif|West Plains|MO|On the Web, On the Air, and Where You Live
WAMC-AM|841|WAMC|http://media.npr.org/images/stations/logos/wamc_am.gif|Albany|NY|WAMC/Northeast Public Radio
WEKF-FM|843|WEKF|http://media.npr.org/images/stations/logos/wekf_fm.gif|Corbin|KY|Great Music and NPR News from Eastern Kentucky University
KSDP-AM|846|KSDP|http://media.npr.org/images/stations/logos/ksdp_am.gif|Sand Point|AK|Alaska Broadcasters Association
KUTE-FM|847|KUTE|http://media.npr.org/images/stations/logos/kute_fm.gif|Ignacio|CO|Four Corners Public Radio
KQAC-FM|850|KQAC|http://media.npr.org/images/stations/logos/kqac_fm.gif|Portland|OR|All Classical FM
KQEI-FM|851|KQEI|http://media.npr.org/images/stations/logos/kqei_fm.gif|North Highlands|CA|KQED Public Radio. Spend Quality Time with Your Radio.
KLMF-FM|852|KLMF|http://media.npr.org/images/stations/logos/klmf_fm.gif|Klamath Falls|OR|Classics & News Service of Jefferson Public Radio
KOJI-FM|853|KOJI|http://media.npr.org/images/stations/logos/koji_fm.gif|Okoboji|IA|The Intelligent Alternative
KTOT-FM|854|KTOT|http://media.npr.org/images/stations/logos/ktot_fm.gif|Spearman|TX|High Plains Public Radio
KZAN-FM|855|KZAN|http://media.npr.org/images/stations/logos/kzan_fm.gif|Hays|KS|High Plains Public Radio
KSDS-FM|861|KSDS|http://media.npr.org/images/stations/logos/ksds_fm.gif|San Diego|CA|Jazz 88 - San Diego's Real Jazz Station
KCIE-FM|864|KCIE|http://media.npr.org/images/stations/logos/kcie_fm.gif|Dulce|NM|The Native American Radio Service
WUND-FM|866|WUND|http://media.npr.org/images/stations/logos/wund_fm.gif|Manteo|NC|Your NPR Station
KRSU-FM|867|KRSU|http://media.npr.org/images/stations/logos/krsu_fm.gif|St. Paul|MN|Minnesota Public Radio
KBPN-FM|868|KBPN|http://media.npr.org/images/stations/logos/kbpn_fm.gif|Brainerd|MN|Minnesota Public Radio
WFFC-FM|870|WFFC|http://media.npr.org/images/stations/logos/wffc_fm.gif|Ferrum|VA|RADIO IQ - BBC News, NPR Talk
WCPE-FM|872|WCPE|http://media.npr.org/images/stations/logos/wcpe_fm.gif|Raleigh|NC|Great Classical Music, 24 Hours A Day
WMEP-FM|875|WMEP|http://media.npr.org/images/stations/logos/wmep_fm.gif|Camden|ME|Maine Public Broadcasting Network
KEZJ-AM|878|KEZJ|http://media.npr.org/images/stations/logos/kezj_am.gif|Twin Falls|ID|Enriching Your Life
KSBX-FM|882|KSBX|http://media.npr.org/images/stations/logos/ksbx_fm.gif|Santa Barbara|CA|Listener Supported in San Luis Obispo and Santa Barbara Counties
WDNA-FM|886|WDNA|http://media.npr.org/images/stations/logos/wdna_fm.gif|Miami|FL|Serious Jazz
KETR-FM|888|KETR|http://media.npr.org/images/stations/logos/ketr_fm.gif|Commerce|TX|Your Station - 88.9 KETR!
WBEQ-FM|889|WBEQ|http://media.npr.org/images/stations/logos/wbeq_fm.gif|Morris|IL|Chicago Public Radio
WNCH-FM|894|WNCH|http://media.npr.org/images/stations/logos/wnch_fm.gif|Norwich|VT|VPR Classical on WNCH Norwich 88.1FM
WRUR-FM|895|WRUR|http://media.npr.org/images/stations/logos/wrur_fm.gif|Rochester|NY|Different Radio
KUAT-FM|896|KUAT|http://media.npr.org/images/stations/logos/kuat_fm.gif|Tucson|AZ|Southern Arizona's Classical Music Station
KFJM-FM|902|KFJM|http://media.npr.org/images/stations/logos/kfjm_fm.gif|Grand Forks|ND|Prairie Public
KUYI-FM|903|KUYI|http://media.npr.org/images/stations/logos/kuyi_fm.gif|Hotevilla|AZ|Your Place to Find NPR News
KBBG-FM|909|KBBG|http://media.npr.org/images/stations/logos/kbbg_fm.gif|Waterloo|IA|None
WNRK-FM|910|WNRK|http://media.npr.org/images/stations/logos/wnrk_fm.gif|Norwalk|OH|None
KCJX-FM|912|KCJX|http://media.npr.org/images/stations/logos/kcjx_fm.gif|Carbondale|CO|None
WSNC-FM|913|WSNC|http://media.npr.org/images/stations/logos/wsnc_fm.gif|Winston-Salem|NC|What we play is life
KTCB-FM|916|KTCB|http://media.npr.org/images/stations/logos/ktcb_fm.gif|Tillamook|OR|None
WWFM-FM|918|WWFM|http://media.npr.org/images/stations/logos/wwfm_fm.gif|Trenton|NJ|WWFM The Classical Network
WVYA-FM|919|WVYA|http://media.npr.org/images/stations/logos/wvya_fm.gif|Williamsport|PA|Public Broadcasting for Northeastern Pennsylvania and the Central Susquehanna Valley
KWTU-FM|920|KWTU|http://media.npr.org/images/stations/logos/kwtu_fm.gif|Tulsa|OK|Classical 88.7 from The University of Tulsa
WYMS-FM|921|WYMS|http://media.npr.org/images/stations/logos/wyms_fm.gif|Milwaukee|WI|None
WFCI-FM|923|WFCI|http://media.npr.org/images/stations/logos/wfci_fm.gif|Franklin|IN|None
KRNC-FM|924|KRNC|http://media.npr.org/images/stations/logos/krnc_fm.gif|Steamboat Springs|CO|None
KOSN-FM|926|KOSN|http://media.npr.org/images/stations/logos/kosn_fm.gif|Ketchum|OK|The State's Public Radio
KSLU-FM|927|KSLU|http://media.npr.org/images/stations/logos/kslu_fm.gif|Hammond|LA|KSLU-FM
KPMO-AM|928|KPMO|http://media.npr.org/images/stations/logos/kpmo_am.gif|Mendocino|CA|News & Information Service of Jefferson Public Radio
KSYC-AM|929|KSYC|http://media.npr.org/images/stations/logos/ksyc_am.gif|Yreka|CA|News & Information Service of Jefferson Public Radio
KMJC-AM|930|KMJC|http://media.npr.org/images/stations/logos/kmjc_am.gif|Mt. Shasta|CA|News & Information Service of Jefferson Public Radio
KOWI-FM|931|KOWI|http://media.npr.org/images/stations/logos/kowi_fm.gif|Lamoni|IA|IPR enhances civic and cultural connections across the state, strengthening communities and reflecti1
KJJP-FM|932|KJJP|http://media.npr.org/images/stations/logos/kjjp_fm.gif|Amarillo|TX|High Plains Public Radio
WESU-FM|933|WESU|http://media.npr.org/images/stations/logos/wesu_fm.gif|Middlesex|CT|We Surround You
KCMP-FM|936|KCMP|http://media.npr.org/images/stations/logos/kcmp_fm.gif|Northfield-Minneapolis-St. Pau|MN|Minnesota Public Radio
KQVO-FM|937|KQVO|http://media.npr.org/images/stations/logos/kqvo_fm.gif|Calexico|CA|None
WISE-FM|938|WISE|http://media.npr.org/images/stations/logos/wise_fm.gif|Roanoke|VA|WVTF Public Radio - Classical, Jazz, NPR
WTMD-FM|939|WTMD|http://media.npr.org/images/stations/logos/wtmd_fm.gif|Towson|MD|Radio for Music People  -- 89.7 WTMD
WEVS-FM|946|WEVS|http://media.npr.org/images/stations/logos/wevs_fm.gif|Nashua|NH|NHPR: News and Information for the Granite State
KMPQ-FM|947|KMPQ|http://media.npr.org/images/stations/logos/kmpq_fm.gif|Roseburg|OR|A Service of Lane Community College
WNJA-FM|948|WNJA|http://media.npr.org/images/stations/logos/wnja_fm.gif|Jamestown|NY|Classical 89.7
WNDY-FM|949|WNDY|http://media.npr.org/images/stations/logos/wndy_fm.gif|Indianapolis|IN|None
KRTS-FM|957|KRTS|http://media.npr.org/images/stations/logos/krts_fm.gif|Marfa|TX|None
WEXT-FM|958|WEXT|http://media.npr.org/images/stations/logos/wext_fm.gif|Amsterdam|NY|Leave Regular Radio Behind
KMFA-FM|959|KMFA|http://media.npr.org/images/stations/logos/kmfa_fm.gif|Austin|TX|Classical Public Radio for Central Texas
WPSX-FM|966|WPSX|http://media.npr.org/images/stations/logos/wpsx_fm.gif|Kane|PA|Public Radio for Central Pennsylvania
KVOV-FM|970|KVOV|http://media.npr.org/images/stations/logos/kvov_fm.gif|Carbondale|CO|None
KPYR-FM|971|KPYR|http://media.npr.org/images/stations/logos/kpyr_fm.gif|Craig|CO|None
KSGU-FM|974|KSGU|http://media.npr.org/images/stations/logos/ksgu_fm.gif|St. George|UT|None
WFSL-FM|975|WFSL|http://media.npr.org/images/stations/logos/wfsl_fm.gif|Thomasville|GA|Your Classical Music Source
WWNJ-FM|977|WWNJ|http://media.npr.org/images/stations/logos/wwnj_fm.gif|Dover Township|NJ|WWFM The Classical Network
WWCJ-FM|978|WWCJ|http://media.npr.org/images/stations/logos/wwcj_fm.gif|Cape May|NJ|WWFM The Classical Network
WWIO-AM|979|WWIO|http://media.npr.org/images/stations/logos/wwio_am.gif|St. Marys|GA|Your source for great music and NPR news.
WRCU-FM|980|WRCU|http://media.npr.org/images/stations/logos/wrcu_fm.gif|Hamilton|NY|Your Source for NPR News
KTXP-FM|981|KTXP|http://media.npr.org/images/stations/logos/ktxp_fm.gif|Bushland|TX|High Plains Public Radio
WVUB-FM|984|WVUB|http://media.npr.org/images/stations/logos/wvub_fm.gif|Vincennes|IN|Vincennes University Broadcasting
KQNC-FM|985|KQNC|http://media.npr.org/images/stations/logos/kqnc_fm.gif|Quincy|CA|Your Choice for NPR News and Jazz
KUOW-AM|986|KUOW|http://media.npr.org/images/stations/logos/kuow_am.gif|Tumwater|WA|NPR News and Information for the Puget Sound Region
KICJ-FM|987|KICJ|http://media.npr.org/images/stations/logos/kicj_fm.gif|Mitchellville|IA|IPR enhances civic and cultural connections across the state, strengthening communities and reflecti15
KXOT-FM|988|KXOT|http://media.npr.org/images/stations/logos/kxot_fm.gif|Tacoma|WA|None
WGPB-FM|989|WGPB|http://media.npr.org/images/stations/logos/wgpb_fm.gif|Rome|GA|Your source for great music and NPR news.
KDUB-FM|990|KDUB|http://media.npr.org/images/stations/logos/kdub_fm.gif|Dubuque|IA|IPR enhances civic and cultural connections across the state, strengthening communities and reflecti15
WAPR-FM|993|WAPR|http://media.npr.org/images/stations/logos/wapr_fm.gif|Selma|AL|University of Alabama
KJPR-AM|997|KJPR|http://media.npr.org/images/stations/logos/kjpr_am.gif|Shasta Lake City|CA|News & Information Service of Jefferson Public Radio
KSEF-FM|998|KSEF|http://media.npr.org/images/stations/logos/ksef_fm.gif|Farmington|MO|None
KXJS-FM|999|KXJS|http://media.npr.org/images/stations/logos/kxjs_fm.gif|Sutter|CA|The Classical Station
KXLL-FM|1000|KXLL|http://media.npr.org/images/stations/logos/kxll_fm.gif|Juneau|AK|Excellent Radio
WLUR-FM|1001|WLUR|http://media.npr.org/images/stations/logos/wlur_fm.gif|Lexington|VA|None
WVTQ-FM|1003|WVTQ|http://media.npr.org/images/stations/logos/wvtq_fm.gif|Sunderland/Mancheste|VT|VPR Classical on WVTQ Sunderland/Manchester 95.1FM
KRNN-FM|1005|KRNN|http://media.npr.org/images/stations/logos/krnn_fm.gif|Juneau|AK|Rain Country Radio
KPLI-FM|1006|KPLI|http://media.npr.org/images/stations/logos/kpli_fm.gif|Olympia|WA|None
KVIX-FM|1007|KVIX|http://media.npr.org/images/stations/logos/kvix_fm.gif|Port Angeles|WA|NPR News and All That Jazz
KQSC-FM|1010|KQSC|http://media.npr.org/images/stations/logos/kqsc_fm.gif|Santa Barbara|CA|Classical KUSC
WMUM-FM|1012|WMUM|http://media.npr.org/images/stations/logos/wmum_fm.gif|Macon|GA|Your source for great music and NPR news.
KDSC-FM|1013|KDSC|http://media.npr.org/images/stations/logos/kdsc_fm.gif|Thousand Oaks|CA|Classical KUSC
KCPB-FM|1014|KCPB|http://media.npr.org/images/stations/logos/kcpb_fm.gif|Warrenton|OR|Coast Community Radio
WYPF-FM|1015|WYPF|http://media.npr.org/images/stations/logos/wypf_fm.gif|Frederick|MD|None
KUNI-FM|1017|KUNI|http://media.npr.org/images/stations/logos/kuni_fm.gif|Cedar Falls|IA|IPR enhances civic and cultural connections across the state, strengthening communities and reflecti15
WOI-AM|1018|WOI|http://media.npr.org/images/stations/logos/woi_am.gif|Ames|IA|IPR enhances civic and cultural connections across the state, strengthening communities and reflecti1
WSUI-AM|1019|WSUI|http://media.npr.org/images/stations/logos/wsui_am.gif|Iowa City|IA|IPR enhances civic and cultural connections across the state, strengthening communities and reflecti15
KHKE-FM|1020|KHKE|http://media.npr.org/images/stations/logos/khke_fm.gif|Cedar Falls|IA|IPR enhances civic and cultural connections across the state, strengthening communities and reflecti15
KLBR-FM|1021|KLBR|http://media.npr.org/images/stations/logos/klbr_fm.gif|Eugene|OR|None
WEMC-FM|1024|WEMC|http://media.npr.org/images/stations/logos/wemc_fm.gif|Harrisonburg|VA|Classical and More
KSUI-FM|1029|KSUI|http://media.npr.org/images/stations/logos/ksui_fm.gif|Iowa City|IA|IPR enhances civic and cultural connections across the state, strengthening communities and reflecti15
WOXR-FM|1031|WOXR|http://media.npr.org/images/stations/logos/woxr_fm.gif|Schuyler Falls|NY|VPR Classical on WOXR Schuyler Falls/Burlington 90.9FM
WYPO-FM|1033|WYPO|http://media.npr.org/images/stations/logos/wypo_fm.gif|Ocean City|MD|None
WVKC-FM|1034|WVKC|http://media.npr.org/images/stations/logos/wvkc_fm.gif|Galesburg|IL|None
WCNV-FM|1036|WCNV|http://media.npr.org/images/stations/logos/wcnv_fm.gif|Heathsville|VA|A Community Idea Station
WMVE-FM|1037|WMVE|http://media.npr.org/images/stations/logos/wmve_fm.gif|Chase City|VA|A Community Idea Station
WZAI-FM|1040|WZAI|http://media.npr.org/images/stations/logos/wzai_fm.gif|Brewster|MA|The Cape and Islands NPR Stations
WSUC-FM|1041|WSUC|http://media.npr.org/images/stations/logos/wsuc_fm.gif|Cortland|NY|Your Source for NPR News
WZPE-FM|1042|WZPE|http://media.npr.org/images/stations/logos/wzpe_fm.gif|Bath|NC|Great Classical Music, 24 Hours A Day.
WWPJ-FM|1044|WWPJ|http://media.npr.org/images/stations/logos/wwpj_fm.gif|Pen Argyl|PA|None
KTMK-FM|1045|KTMK|http://media.npr.org/images/stations/logos/ktmk_fm.gif|Tillamook|OR|Oregon Public Broadcasting
KTVR-FM|1046|KTVR|http://media.npr.org/images/stations/logos/ktvr_fm.gif|La Grande|OR|Oregon Public Broadcasting
KOAP-FM|1047|KOAP|http://media.npr.org/images/stations/logos/koap_fm.gif|Lakeview|OR|Oregon Public Broadcasting
KOBK-FM|1048|KOBK|http://media.npr.org/images/stations/logos/kobk_fm.gif|Baker City|OR|Oregon Public Broadcasting
KBSS-FM|1049|KBSS|http://media.npr.org/images/stations/logos/kbss_fm.gif|Sun Valley|ID|Enriching Your Life
KNHM-FM|1050|KNHM|http://media.npr.org/images/stations/logos/knhm_fm.gif|Bayside|CA|News & Information Service of Jefferson Public Radio
KNWF-FM|1051|KNWF|http://media.npr.org/images/stations/logos/knwf_fm.gif|Fergus Falls|MN|None
KOPB-AM|1052|KOPB|http://media.npr.org/images/stations/logos/kopb_am.gif|Eugene|OR|Oregon Public Broadcasting
WNCK-FM|1053|WNCK|http://media.npr.org/images/stations/logos/wnck_fm.gif|Nantucket|MA|The Cape and Islands NPR Stations
WSSW-FM|1054|WSSW|http://media.npr.org/images/stations/logos/wssw_fm.gif|Platteville|WI|WPR's News/Classical Network
KPRQ-FM|1056|KPRQ|http://media.npr.org/images/stations/logos/kprq_fm.gif|Sheridan|WY|None
KUWY-FM|1057|KUWY|http://media.npr.org/images/stations/logos/kuwy_fm.gif|Laramie|WY|Wyoming Public Radio
KUWL-FM|1058|KUWL|http://media.npr.org/images/stations/logos/kuwl_fm.gif|Laramie|WY|Jazz Wyoming
KMSE-FM|1064|KMSE|http://media.npr.org/images/stations/logos/kmse_fm.gif|Rochester|MN|Minnesota Public Radio
WLSN-FM|1065|WLSN|http://media.npr.org/images/stations/logos/wlsn_fm.gif|Grand Marais|MN|None
KNSE-FM|1066|KNSE|http://media.npr.org/images/stations/logos/knse_fm.gif|Austin|MN|None
KQHR-FM|1067|KQHR|http://media.npr.org/images/stations/logos/kqhr_fm.gif|Hood River|OR|All Classical FM
WNNZ-AM|1068|WNNZ|http://media.npr.org/images/stations/logos/wnnz_am.gif|Amherst|MA|New England Public Radio
WHDD-FM|1072|WHDD|http://media.npr.org/images/stations/logos/whdd_fm.gif|Sharon|CT|Robin Hood Radio
WKWM-FM|1074|WKWM|http://media.npr.org/images/stations/logos/wkwm_fm.gif|Marathon-Key West|FL|NPR News & Intelligent Talk All Day, and the Best in Jazz Seven Nights a Week
WNGH-FM|1075|WNGH|http://media.npr.org/images/stations/logos/wngh_fm.gif|Chatsworth|GA|Your source for great music and NPR news.
KVLA-FM|1078|KVLA|http://media.npr.org/images/stations/logos/kvla_fm.gif|Coachella|CA|None
WUOL-FM|1080|WUOL|http://media.npr.org/images/stations/logos/wuol_fm.gif|Louisville|KY|Louisville's Fine Arts Station
KCLU-AM|1081|KCLU|http://media.npr.org/images/stations/logos/kclu_am.gif|Thousand Oaks|CA|NPR and Local News
WRUN-FM|1082|WRUN|http://media.npr.org/images/stations/logos/wrun_fm.gif|Remsen|NY|WAMC/Northeast Public Radio
WYQS-FM|1084|WYQS|http://media.npr.org/images/stations/logos/wyqs_fm.gif|Mars Hill|NC|National Public Radio for Western North Carolina - NPR News, Classical Music & More
WYPM-FM|1086|WYPM|http://media.npr.org/images/stations/logos/wypm_fm.gif|Chambersburg|PA|None
WATY-FM|1087|WATY|http://media.npr.org/images/stations/logos/waty_fm.gif|Folkston|GA|Your source for great music and NPR news.
WLPR-FM|1088|WLPR|http://media.npr.org/images/stations/logos/wlpr_fm.gif|Lowell|IN|None
KUOR-FM|1089|KUOR|http://media.npr.org/images/stations/logos/kuor_fm.gif|Redlands|CA|None
WXLQ-FM|1091|WXLQ|http://media.npr.org/images/stations/logos/wxlq_fm.gif|Bristol|VT|North Country Public Radio
WXLB-FM|1092|WXLB|http://media.npr.org/images/stations/logos/wxlb_fm.gif|Boonville|NY|North Country Public Radio
WMUB-FM|1093|WMUB|http://media.npr.org/images/stations/logos/wmub_fm.gif|Oxford|OH|Connecting you to a World of ideas.
WBSL-FM|1095|WBSL|http://media.npr.org/images/stations/logos/wbsl_fm.gif|Sheffield|MA|None
KQOC-FM|1101|KQOC|http://media.npr.org/images/stations/logos/kqoc_fm.gif|Gleneden Beach|OR|All Classical FM
KDWI-FM|1105|KDWI|http://media.npr.org/images/stations/logos/kdwi_fm.gif|Ottumwa|IA|IPR enhances civic and cultural connections across the state, strengthening communities and reflecti1
KUNZ-FM|1106|KUNZ|http://media.npr.org/images/stations/logos/kunz_fm.gif|Ottumwa|IA|IPR enhances civic and cultural connections across the state, strengthening communities and reflecti1
WVTI-FM|1116|WVTI|http://media.npr.org/images/stations/logos/wvti_fm.gif|Brighton/Island Pond|VT|VPR Classical on WVTI Island Pond/Brighton 106.9FM
KMHD-FM|1117|KMHD|http://media.npr.org/images/stations/logos/kmhd_fm.gif|Gresham|OR|Jazz Radio
WQXR-FM|1130|WQXR|http://media.npr.org/images/stations/logos/wqxr_fm.gif|Newark|NJ|The Classical Music Station of NYC
KKXT-FM|1131|KKXT|http://media.npr.org/images/stations/logos/kkxt_fm.gif|Dallas|TX|Music to the Core
KESC-FM|1132|KESC|http://media.npr.org/images/stations/logos/kesc_fm.gif|Morro Bay|CA|Classical KUSC
WCRB-FM|1142|WCRB|http://media.npr.org/images/stations/logos/wcrb_fm.gif|Lowell|MA|None
WEHC-FM|1156|WEHC|http://media.npr.org/images/stations/logos/wehc_fm.gif|Emory|VA|RADIO IQ - BBC News, NPR Talk
WOXM-FM|1163|WOXM|http://media.npr.org/images/stations/logos/woxm_fm.gif|Middlebury|VT|VPR Classical on WOXM Middlebury 90.1FM
KVTI-FM|1171|KVTI|http://media.npr.org/images/stations/logos/kvti_fm.gif|Tacoma|WA|Northwest Public Radio, NPR and Classical Music
KSWS-FM|1174|KSWS|http://media.npr.org/images/stations/logos/ksws_fm.gif|Chehalis|WA|"Northwest Public Radio, Your NPR News Station"
WVXR-FM|1176|WVXR|http://media.npr.org/images/stations/logos/wvxr_fm.gif|Randolph|VT|VPR Classical on WVXR Randolph 102.1FM
KVOQ-AM|1178|KVOQ|http://media.npr.org/images/stations/logos/kvoq_am.gif|Denver|CO|OpenAir, New Music from Colorado Public Radio
WSMR-FM|1184|WSMR|http://media.npr.org/images/stations/logos/wsmr_fm.gif|Venice|FL|Classical Music
WHAA-FM|1192|WHAA|http://media.npr.org/images/stations/logos/whaa_fm.gif|Adams|WI|The Ideas Network
WITH-FM|1194|WITH|http://media.npr.org/images/stations/logos/with_fm.gif|Ithaca|NY|Different Radio
WNNZ-FM|1196|WNNZ|http://media.npr.org/images/stations/logos/wnnz_fm.gif|Deerfield|MA|New England Public Radio
WOSA-FM|1197|WOSA|http://media.npr.org/images/stations/logos/wosa_fm.gif|Grove Ctiy|OH|Classical Music All Day, Every Day
KDFC-FM|1227|KDFC|http://media.npr.org/images/stations/logos/kdfc_fm.gif|Angwin|CA|None
WHIL-FM|1229|WHIL|http://media.npr.org/images/stations/logos/whil_fm.gif|Mobile|AL|APR - News, Classics and More
WNJT-FM|1243|WNJT|http://media.npr.org/images/stations/logos/wnjt_fm.gif|Trenton|NJ|NJN Public Radio
WNJY-FM|1244|WNJY|http://media.npr.org/images/stations/logos/wnjy_fm.gif|Netcong|NJ|NJN Public Radio
WNJO-FM|1245|WNJO|http://media.npr.org/images/stations/logos/wnjo_fm.gif|Toms River|NJ|NJN Public Radio
KUHA-FM|1270|KUHA|http://media.npr.org/images/stations/logos/kuha_fm.gif|Houston|TX|24-Hour Classical Music From Houston
